,player_name,name,sofifa_id,player_url,short_name,long_name,player_positions,overall,potential,value_eur,wage_eur,age,dob,height_cm,weight_kg,club_team_id,club_name,league_name,league_level,club_position,club_jersey_number,club_loaned_from,club_joined,club_contract_valid_until,nationality_id,nationality_name,nation_team_id,nation_position,nation_jersey_number,preferred_foot,weak_foot,skill_moves,international_reputation,work_rate_attack,work_rate_defense,body_type,real_face,release_clause_eur,player_tags,player_traits,pace,shooting,passing,dribbling,defending,physic,attacking_crossing,attacking_finishing,attacking_heading_accuracy,attacking_short_passing,attacking_volleys,skill_dribbling,skill_curve,skill_fk_accuracy,skill_long_passing,skill_ball_control,movement_acceleration,movement_sprint_speed,movement_agility,movement_reactions,movement_balance,power_shot_power,power_jumping,power_stamina,power_strength,power_long_shots,mentality_aggression,mentality_interceptions,mentality_positioning,mentality_vision,mentality_penalties,mentality_composure,defending_marking_awareness,defending_standing_tackle,defending_sliding_tackle,goalkeeping_diving,goalkeeping_handling,goalkeeping_kicking,goalkeeping_positioning,goalkeeping_reflexes,goalkeeping_speed,ls,st,rs,lw,lf,cf,rf,rw,lam,cam,ram,lm,lcm,cm,rcm,rm,lwb,ldm,cdm,rdm,rwb,lb,lcb,cb,rcb,rb,gk,player_face_url,club_logo_url,club_flag_url,nation_logo_url,nation_flag_url,id,games,time,goals,xG,assists,xA,shots,key_passes,yellow_cards,red_cards,position_long,team_title,npg,npxG,xGChain,xGBuildup,Player,Apps,Mins,Goals,Assists,Yel,Red,SpG,PS.,AerialsWon,MotM,Rating,club,shot_num,npg_num,npxG_num,xGgg03_sum,xGss03_sum,xGgg03_goal_sum,xGss03_goal_sum,situation_OpenPlay,situation_SetPiece,situation_OpenPlay_goal,situation_SetPiece_goal,shotType_Head,shotType_LeftFoot,shotType_OtherBodyPart,shotType_RightFoot,shotType_Head_goal,shotType_LeftFoot_goal,shotType_OtherBodyPart_goal,shotType_RightFoot_goal,shotZone_SixYardBox,shotZone_PenaltyArea,shotZone_OutOfBox,shotZone_SixYardBox_goal,shotZone_PenaltyArea_goal,shotZone_OutOfBox_goal,crowdedArea,crowdedArea_goal,npxG_diff,xGgg03_goal_P,xGss03_goal_P,situation_OpenPlay_goal_P,situation_SetPiece_goal_P,shotType_Head_goal_P,shotType_LeftFoot_goal_P,shotType_OtherBodyPart_goal_P,shotType_RightFoot_goal_P,shotZone_SixYardBox_goal_P,shotZone_PenaltyArea_goal_P,shotZone_OutOfBox_goal_P,crowdedArea_goal_P,position_short
1,Alexandre Lacazette,Lacazette,193301,https://sofifa.com/player/193301/alexandre-lacazette/220002,A. Lacazette,Alexandre Lacazette,ST,82,82,30000000,110000,30,5/28/91,175,73,1,Arsenal,English Premier League,1,SUB,9,NA,7/5/17,2022,18,France,NA,NA,NA,Right,4,4,3,High,High,Unique,Yes,57000000,NA,Technical Dribbler (AI),75,82,74,82,44,72,68,83,75,79,79,83,74,74,70,82,77,73,81,82,82,87,76,66,75,78,73,42,82,75,79,80,39,45,32,11,6,9,5,6,NA,81+1,81+1,81+1,79,81,81,81,79,80+2,80+2,80+2,78+3,74+3,74+3,74+3,78+3,61+3,62+3,62+3,62+3,61+3,59+3,57+3,57+3,57+3,59+3,15+3,https://cdn.sofifa.net/players/193/301/22_120.png,https://cdn.sofifa.net/teams/1/60.png,https://cdn.sofifa.net/flags/gb-eng.png,NA,https://cdn.sofifa.net/flags/fr.png,3277,31,1939,13,12.02890942,2,2.209213115,45,22,3,0,F M S,Arsenal,10,9.745402876,14.36154239,2.937940784,Alexandre Lacazette,22(9),1931,13,2,3,0,1.5,78.8,0.9,3,6.89,Arsenal,42,10,9.745402915,16,26,9,1,36,6,10,0,10,5,0,27,2,3,0,5,10,20,12,4,6,0,18,6,0.254597085,0.5625,0.038461538,0.277777778,0,0.2,0.6,NA,0.185185185,0.4,0.3,0,0.333333333,ST
2,Anwar El Ghazi,El Ghazi,216433,https://sofifa.com/player/216433/anwar-el-ghazi/220002,A. El Ghazi,Anwar El Ghazi,"LM, RW, LW",76,77,9000000,56000,26,5/3/95,188,90,2,Aston Villa,English Premier League,1,LW,21,NA,7/1/19,2023,34,Netherlands,NA,NA,NA,Right,4,4,1,Medium,Medium,Normal (185+),Yes,17800000,NA,"Finesse Shot, Flair, Long Shot Taker (AI), Technical Dribbler (AI)",73,78,70,76,35,69,74,77,72,73,67,78,75,73,54,78,68,77,68,79,65,84,52,73,75,77,55,28,78,73,80,72,40,28,15,13,9,7,14,11,NA,77,77,77,76,77,77,77,76,75+2,75+2,75+2,75+2,68+2,68+2,68+2,75+2,57+2,54+2,54+2,54+2,57+2,53+2,48+2,48+2,48+2,53+2,19+2,https://cdn.sofifa.net/players/216/433/22_120.png,https://cdn.sofifa.net/teams/2/60.png,https://cdn.sofifa.net/flags/gb-eng.png,NA,https://cdn.sofifa.net/flags/nl.png,5612,28,1612,10,9.037517841,0,1.882865613,64,26,2,0,F M S,Aston Villa,6,5.992842442,7.845562791,2.691346372,Anwar El Ghazi,17(11),1617,10,0,2,0,2.3,75.3,1,2,6.78,Aston Villa,60,6,5.99284245,8,52,4,2,50,10,5,1,3,6,0,51,0,1,0,5,3,24,33,2,3,1,17,2,0.00715755,0.5,0.038461538,0.1,0.1,0,0.166666667,NA,0.098039216,0.666666667,0.125,0.03030303,0.117647059,W
3,Bertrand Traoré,Traore,207948,https://sofifa.com/player/207948/bertrand-traore/220002,B. Traoré,Bertrand Isidore Traoré,"RM, RW",77,78,12500000,57000,25,9/6/95,181,73,2,Aston Villa,English Premier League,1,SUB,15,NA,9/19/20,2024,101,Burkina Faso,NA,NA,NA,Left,1,4,2,Medium,Low,Lean (170-185),Yes,24700000,NA,"Finesse Shot, Flair, Speed Dribbler (AI), Outside Foot Shot, Technical Dribbler (AI)",78,73,73,82,45,66,73,75,66,74,72,82,79,73,68,86,77,79,88,69,59,73,75,69,65,68,60,54,73,74,69,74,40,40,37,11,7,7,13,12,NA,74+2,74+2,74+2,77,76,76,76,77,77+1,77+1,77+1,76+2,72+2,72+2,72+2,76+2,63+2,61+2,61+2,61+2,63+2,60+2,55+2,55+2,55+2,60+2,17+2,https://cdn.sofifa.net/players/207/948/22_120.png,https://cdn.sofifa.net/teams/2/60.png,https://cdn.sofifa.net/flags/gb-eng.png,NA,https://cdn.sofifa.net/flags/bf.png,695,36,2362,7,6.304105126,6,4.570987722,64,35,1,0,F M S,Aston Villa,7,6.304105126,9.835355166,1.332214053,Bertrand Traoré,29(7),2338,7,6,1,0,1.8,77.7,0.9,3,6.85,Aston Villa,64,7,6.304105164,5,59,3,4,51,13,4,3,4,54,0,6,0,5,0,2,5,40,19,2,4,1,28,3,0.695894836,0.6,0.06779661,0.078431373,0.230769231,0,0.092592593,NA,0.333333333,0.4,0.1,0.052631579,0.107142857,ST
4,Bobby Reid,Reid,203502,https://sofifa.com/player/203502/bobby-decordova-reid/220002,B. Decordova-Reid,Bobby De Cordova-Reid,"RM, ST",74,74,4200000,47000,28,34002,170,68,144,Fulham,English League Championship,2,SUB,14,NA,43854,2023,82,Jamaica,NA,,NA,Right,3,3,1,High,High,Lean (170-),Yes,8000000,,Flair,79,72,69,76,57,63,68,73,63,72,74,75,62,62,64,73,80,78,88,75,86,68,77,79,60,71,46,58,75,70,70,70,57,56,54,8,12,13,8,10,NA,72+2,72+2,72+2,74,73,73,73,74,73+1,73+1,73+1,73+1,70+2,70+2,70+2,73+1,67+2,64+2,64+2,64+2,67+2,66+2,60+2,60+2,60+2,66+2,17+2,https://cdn.sofifa.net/players/203/502/22_120.png,https://cdn.sofifa.net/teams/144/60.png,https://cdn.sofifa.net/flags/gb-eng.png,,https://cdn.sofifa.net/flags/jm.png,6827,33,2394,5,4.269851533,2,1.309700711,34,14,7,0,D F M S,Fulham,5,4.269851533,8.202645359,3.131384481,NA,NA,NA,NA,NA,NA,NA,NA,NA,NA,NA,NA,Fulham,34,5,4.269851493,5,29,2,3,30,4,4,1,3,10,1,20,1,0,0,4,2,24,8,1,4,0,18,4,0.730148507,0.4,0.103448276,0.133333333,0.25,0.333333333,0,0,0.2,0.5,0.166666667,0,0.222222222,ST
5,Bruno Fernandes,Fernandes,212198,https://sofifa.com/player/212198/bruno-miguel-borges-fernandes/220002,Bruno Fernandes,Bruno Miguel Borges Fernandes,CAM,88,89,107500000,250000,26,9/8/94,179,69,11,Manchester United,English Premier League,1,CAM,18,NA,1/30/20,2025,38,Portugal,1354,LCM,11,Right,3,4,3,High,High,Unique,Yes,206900000,"#Playmaker, #Engine, #Distance Shooter, #Crosser, #FK Specialist, #Complete Midfielder","Solid Player, Leadership, Flair, Long Passer (AI), Long Shot Taker (AI), Playmaker (AI), Outside Foot Shot",75,86,89,84,70,77,87,83,64,91,87,83,87,87,88,87,77,73,80,91,79,89,73,91,70,89,78,66,87,90,91,87,72,73,65,12,14,15,8,14,NA,83+3,83+3,83+3,85,85,85,85,85,87+2,87+2,87+2,86+3,87+2,87+2,87+2,86+3,80+3,80+3,80+3,80+3,80+3,77+3,73+3,73+3,73+3,77+3,21+3,https://cdn.sofifa.net/players/212/198/22_120.png,https://cdn.sofifa.net/teams/11/60.png,https://cdn.sofifa.net/flags/gb-eng.png,https://cdn.sofifa.net/teams/1354/60.png,https://cdn.sofifa.net/flags/pt.png,1228,37,3117,18,16.01945446,12,11.47499598,121,95,6,0,M S,Manchester United,9,8.407839627,26.91141238,11.93228487,Bruno Fernandes,35(2),3110,18,12,6,0,3.3,78.3,0.4,6,7.43,Manchester United,111,9,8.407839605,6,105,1,8,83,28,9,0,5,11,0,95,1,1,0,7,5,34,72,1,7,1,26,5,0.592160395,0.166666667,0.076190476,0.108433735,0,0.2,0.090909091,NA,0.073684211,0.2,0.205882353,0.013888889,0.192307692,CM
6,Bukayo Saka,Saka,246669,https://sofifa.com/player/246669/bukayo-saka/220002,B. Saka,Bukayo Saka,"RM, LM, LB",80,88,45500000,50000,19,9/5/01,178,65,1,Arsenal,English Premier League,1,LM,7,NA,9/14/18,2025,14,England,1318,SUB,16,Left,3,3,2,High,Medium,Lean (170-185),Yes,95600000,NA,"Team Player, Technical Dribbler (AI)",84,68,76,82,65,64,79,69,45,79,63,84,76,69,63,80,86,82,83,76,83,68,54,77,58,65,66,68,78,79,64,73,65,69,67,7,8,13,9,13,NA,71+2,71+2,71+2,79,77,77,77,79,78+2,78+2,78+2,79+2,75+2,75+2,75+2,79+2,75+2,71+2,71+2,71+2,75+2,73+2,66+2,66+2,66+2,73+2,17+2,https://cdn.sofifa.net/players/246/669/22_120.png,https://cdn.sofifa.net/teams/1/60.png,https://cdn.sofifa.net/flags/gb-eng.png,https://cdn.sofifa.net/teams/1318/60.png,https://cdn.sofifa.net/flags/gb-eng.png,7322,32,2577,5,7.169173587,3,4.511790655,61,38,1,0,D F M S,Arsenal,5,7.169173587,18.29246639,9.18043957,Bukayo Saka,30(2),2562,5,3,1,0,1.9,81.8,0.4,2,6.88,Arsenal,62,5,7.169173581,7,55,3,2,58,4,5,0,3,43,0,16,1,2,0,2,5,41,16,2,2,1,27,1,-2.169173581,0.428571429,0.036363636,0.086206897,0,0.333333333,0.046511628,NA,0.125,0.4,0.048780488,0.0625,0.037037037,W
7,Callum Wilson,Wilson,196978,https://sofifa.com/player/196978/callum-wilson/220002,C. Wilson,Callum Wilson,ST,79,79,17500000,53000,29,2/27/92,180,66,13,Newcastle United,English Premier League,1,RS,9,NA,9/7/20,2024,14,England,NA,NA,NA,Right,3,4,2,High,Medium,Normal (170-185),Yes,33300000,NA,Injury Prone,80,78,66,78,41,77,61,82,78,72,71,78,63,45,62,79,77,83,75,79,72,77,70,76,79,68,74,40,83,70,83,79,36,40,27,10,15,8,10,6,NA,79,79,79,76,78,78,78,76,76+2,76+2,76+2,75+2,70+2,70+2,70+2,75+2,59+2,59+2,59+2,59+2,59+2,57+2,55+2,55+2,55+2,57+2,18+2,https://cdn.sofifa.net/players/196/978/22_120.png,https://cdn.sofifa.net/teams/13/60.png,https://cdn.sofifa.net/flags/gb-eng.png,NA,https://cdn.sofifa.net/flags/gb-eng.png,468,26,2079,12,13.59009125,5,3.046300631,49,17,2,0,F S,Newcastle United,8,10.54541587,14.20559293,1.052545197,Callum Wilson,23(3),2086,12,5,2,0,1.9,69.5,1.7,4,6.84,Newcastle United,45,8,10.54541581,17,28,7,1,40,5,7,1,16,9,1,19,1,3,0,4,8,32,5,4,4,0,30,4,-2.545415813,0.411764706,0.035714286,0.175,0.2,0.0625,0.333333333,0,0.210526316,0.5,0.125,0,0.133333333,ST
8,Che Adams,Adams,226093,https://sofifa.com/player/226093/che-adams/220002,C. Adams,Ché Adams,ST,76,81,11500000,46000,24,7/13/96,178,70,17,Southampton,English Premier League,1,RS,10,NA,7/1/19,2024,42,Scotland,1359,LS,10,Right,3,3,1,High,Medium,Stocky (170-185),Yes,22700000,NA,NA,84,77,62,74,40,77,55,76,63,70,70,73,63,59,53,75,83,84,78,74,74,86,76,77,79,75,74,36,77,62,69,71,33,42,36,16,13,12,15,9,NA,76+2,76+2,76+2,73,75,75,75,73,72+2,72+2,72+2,71+2,66+2,66+2,66+2,71+2,58+2,57+2,57+2,57+2,58+2,56+2,54+2,54+2,54+2,56+2,20+2,https://cdn.sofifa.net/players/226/093/22_120.png,https://cdn.sofifa.net/teams/17/60.png,https://cdn.sofifa.net/flags/gb-eng.png,https://cdn.sofifa.net/teams/1359/60.png,https://cdn.sofifa.net/flags/gb-sct.png,7700,36,2685,9,12.11873416,5,5.227753505,55,37,1,0,F S,Southampton,9,12.11873416,14.48691171,2.74462433,Che Adams,30(6),2675,9,5,1,0,1.5,70.3,1.5,0,6.77,Southampton,55,9,12.11873428,19,36,6,3,45,10,5,4,7,4,1,43,0,1,0,8,10,35,10,5,3,1,26,3,-3.118734284,0.315789474,0.083333333,0.111111111,0.4,0,0.25,0,0.186046512,0.5,0.085714286,0.1,0.115384615,ST
9,Chris Wood,Wood,192123,https://sofifa.com/player/192123/chris-wood/220002,C. Wood,Christopher Grant Wood,ST,79,79,17500000,48000,29,12/7/91,191,92,1796,Burnley,English Premier League,1,RS,9,NA,8/21/17,2023,198,New Zealand,111473,ST,9,Right,3,2,1,High,Low,Normal (185+),Yes,33300000,#Strength,Power Header,64,79,60,70,40,81,46,81,87,68,74,69,69,64,48,77,60,68,55,77,59,81,79,76,86,72,77,40,80,64,81,77,39,30,29,14,16,16,7,16,NA,78+1,78+1,78+1,69,74,74,74,69,70+2,70+2,70+2,68+2,65+2,65+2,65+2,68+2,55+2,56+2,56+2,56+2,55+2,53+2,55+2,55+2,55+2,53+2,20+2,https://cdn.sofifa.net/players/192/123/22_120.png,https://cdn.sofifa.net/teams/1796/60.png,https://cdn.sofifa.net/flags/gb-eng.png,https://cdn.sofifa.net/teams/111473/60.png,https://cdn.sofifa.net/flags/nz.png,4456,33,2765,12,12.95413543,3,2.038118389,70,23,0,0,F S,Burnley,10,11.43179769,13.58528152,2.14985176,Chris Wood,32(1),2750,12,3,0,0,2.1,65.1,4.7,1,6.81,Burnley,68,10,11.4317977,17,51,4,6,61,7,8,2,24,9,2,33,2,0,1,7,9,45,14,3,7,0,42,7,-1.4317977,0.235294118,0.117647059,0.131147541,0.285714286,0.083333333,0,0.5,0.212121212,0.333333333,0.155555556,0,0.166666667,ST
10,Christian Benteke,Benteke,184111,https://sofifa.com/player/184111/christian-benteke/220002,C. Benteke,Christian Benteke Liolo,ST,75,75,5500000,50000,30,12/3/90,190,83,1799,Crystal Palace,English Premier League,1,ST,20,NA,8/20/16,2023,7,Belgium,1325,SUB,17,Right,2,2,2,Medium,Low,Lean (185+),Yes,10500000,#Strength,"Injury Prone, Power Header",54,76,62,68,32,75,58,76,85,66,76,64,61,64,51,77,51,56,61,76,43,81,87,59,87,70,60,29,77,69,71,71,28,25,18,14,5,12,8,5,NA,75,75,75,68,71,71,71,68,69+2,69+2,69+2,66+2,63+2,63+2,63+2,66+2,49+2,51+2,51+2,51+2,49+2,47+2,49+2,49+2,49+2,47+2,16+2,https://cdn.sofifa.net/players/184/111/22_120.png,https://cdn.sofifa.net/teams/1799/60.png,https://cdn.sofifa.net/flags/gb-eng.png,https://cdn.sofifa.net/teams/1325/60.png,https://cdn.sofifa.net/flags/be.png,606,30,1824,10,7.457401188,1,0.697626286,71,15,1,1,F S,Crystal Palace,10,7.457401188,8.472839532,3.153553776,Christian Benteke,21(9),1819,10,1,1,1,2.4,58.6,6.8,2,7.08,Crystal Palace,71,10,7.45740118,7,64,3,7,50,21,8,2,34,12,0,25,6,2,0,2,10,52,9,3,7,0,46,6,2.54259882,0.428571429,0.109375,0.16,0.095238095,0.176470588,0.166666667,NA,0.08,0.3,0.134615385,0,0.130434783,ST
11,Danny Ings,Ings,195859,https://sofifa.com/player/195859/danny-ings/220002,D. Ings,Daniel William John Ings,ST,81,81,26500000,90000,28,7/23/92,178,73,2,Aston Villa,English Premier League,1,ST,20,NA,8/4/21,2024,14,England,NA,NA,NA,Right,4,3,1,High,High,Normal (170-185),Yes,50400000,#Clinical Finisher,"Injury Prone, Finesse Shot",79,84,70,80,45,70,66,86,78,75,76,78,72,70,61,81,82,76,77,86,77,83,79,74,69,83,67,46,86,72,81,85,38,45,34,10,13,12,16,6,NA,81,81,81,79,81,81,81,79,79+2,79+2,79+2,77+2,73+2,73+2,73+2,77+2,63+2,61+2,61+2,61+2,63+2,60+2,57+2,57+2,57+2,60+2,20+2,https://cdn.sofifa.net/players/195/859/22_120.png,https://cdn.sofifa.net/teams/2/60.png,https://cdn.sofifa.net/flags/gb-eng.png,NA,https://cdn.sofifa.net/flags/gb-eng.png,986,29,2200,12,8.276573244,4,2.31123058,57,22,1,0,F S,Southampton,10,6.754235521,10.48221801,2.479040857,Danny Ings,26(3),2185,12,4,1,0,2,66.3,0.8,2,6.84,Southampton,55,10,6.754235547,11,44,5,5,41,14,8,2,13,6,0,36,1,1,0,8,2,39,14,1,8,1,36,7,3.245764453,0.454545455,0.113636364,0.195121951,0.142857143,0.076923077,0.166666667,NA,0.222222222,0.5,0.205128205,0.071428571,0.194444444,ST
12,Danny Welbeck,Welbeck,186146,https://sofifa.com/player/186146/danny-welbeck/220002,D. Welbeck,Daniel Nii Tackie Mensah Welbeck,"ST, LW, LM",73,73,3000000,45000,30,11/26/90,185,73,1808,Brighton & Hove Albion,English Premier League,1,LS,18,NA,10/18/20,2022,14,England,NA,NA,NA,Right,3,3,2,High,High,Normal (185+),Yes,5700000,NA,"Injury Prone, Speed Dribbler (AI)",71,72,67,72,42,66,69,75,75,66,68,72,61,62,64,72,66,75,72,70,61,76,79,50,70,63,75,32,74,70,68,75,43,38,33,9,10,6,12,16,NA,73,73,73,71,71,71,71,71,70+2,70+2,70+2,69+2,64+2,64+2,64+2,69+2,55+2,55+2,55+2,55+2,55+2,53+2,53+2,53+2,53+2,53+2,18+2,https://cdn.sofifa.net/players/186/146/22_120.png,https://cdn.sofifa.net/teams/1808/60.png,https://cdn.sofifa.net/flags/gb-eng.png,NA,https://cdn.sofifa.net/flags/gb-eng.png,501,24,1551,6,7.380381532,1,3.23136685,35,22,0,0,F M S,Brighton,6,6.619249471,10.26566652,1.476512637,Danny Welbeck,17(7),1547,6,1,0,0,1.5,81,0.9,1,6.66,Brighton,34,6,6.619249457,9,25,3,3,30,4,5,1,8,13,0,13,1,2,0,3,4,25,5,2,2,2,18,2,-0.619249457,0.333333333,0.12,0.166666667,0.25,0.125,0.153846154,NA,0.230769231,0.5,0.08,0.4,0.111111111,ST
13,David McGoldrick,McGoldrick,180818,https://sofifa.com/player/180818/david-mcgoldrick/220002,D. McGoldrick,David McGoldrick,ST,73,73,1900000,25000,33,11/29/87,183,74,1794,Sheffield United,English League Championship,2,LS,17,NA,7/24/18,2022,25,Republic of Ireland,NA,NA,NA,Right,3,3,1,Medium,High,Normal (170-185),Yes,3600000,NA,"Flair, Playmaker (AI), Outside Foot Shot, Technical Dribbler (AI)",65,72,71,76,33,68,63,72,72,76,71,76,68,65,68,77,64,66,69,75,76,72,73,69,72,68,57,25,73,76,78,76,36,27,19,15,7,10,10,9,NA,73,73,73,72,74-1,74-1,74-1,72,74-1,74-1,74-1,72+1,69+2,69+2,69+2,72+1,54+2,54+2,54+2,54+2,54+2,50+2,47+2,47+2,47+2,50+2,17+2,https://cdn.sofifa.net/players/180/818/22_120.png,https://cdn.sofifa.net/teams/1794/60.png,https://cdn.sofifa.net/flags/gb-eng.png,NA,https://cdn.sofifa.net/flags/ie.png,7711,35,2409,8,7.605752226,1,1.116618961,71,17,7,0,F M S,Sheffield United,8,7.605752226,9.950739227,3.253697068,David McGoldrick,28(7),2402,8,1,7,0,2,74.7,2.5,2,6.72,Sheffield United,70,8,6.799279249,8,62,5,3,56,14,6,2,13,14,0,43,2,2,0,4,7,37,26,2,4,2,23,4,1.200720751,0.625,0.048387097,0.107142857,0.142857143,0.153846154,0.142857143,NA,0.093023256,0.285714286,0.108108108,0.076923077,0.173913043,ST
14,Diogo Jota,Jota,224458,https://sofifa.com/player/224458/diogo-jose-teixeira-da-silva/220002,Diogo Jota,Diogo José Teixeira da Silva,"LW, ST",82,87,46000000,120000,24,12/4/96,178,73,9,Liverpool,English Premier League,1,SUB,20,NA,9/19/20,2025,38,Portugal,1354,LW,21,Right,5,4,2,High,High,Normal (170-185),Yes,88600000,#Acrobat,Speed Dribbler (AI),84,81,73,85,57,77,71,84,77,75,78,85,77,58,71,85,88,81,87,84,86,84,76,81,71,75,85,56,85,75,63,83,54,57,45,7,12,15,9,11,NA,82+2,82+2,82+2,82,82,82,82,82,81+2,81+2,81+2,81+2,77+2,77+2,77+2,81+2,69+2,69+2,69+2,69+2,69+2,68+2,65+2,65+2,65+2,68+2,18+2,https://cdn.sofifa.net/players/224/458/22_120.png,https://cdn.sofifa.net/teams/9/60.png,https://cdn.sofifa.net/flags/gb-eng.png,https://cdn.sofifa.net/teams/1354/60.png,https://cdn.sofifa.net/flags/pt.png,6854,19,1114,9,7.057720538,0,1.762521075,46,12,2,0,F M S,Liverpool,9,7.057720538,10.9729747,4.076096492,Diogo Jota,12(7),1113,9,0,2,0,2.4,74.9,0.7,0,6.89,Liverpool,46,9,7.057720453,11,35,4,5,40,6,8,1,8,11,0,27,3,1,0,5,3,36,7,1,8,0,29,8,1.942279547,0.363636364,0.142857143,0.2,0.166666667,0.375,0.090909091,NA,0.185185185,0.333333333,0.222222222,0,0.275862069,ST
15,Dominic Calvert-Lewin,Calvert-Lewin,221479,https://sofifa.com/player/221479/dominic-calvert-lewin/220002,D. Calvert-Lewin,Dominic Calvert-Lewin,ST,81,85,37500000,90000,24,3/16/97,187,71,7,Everton,English Premier League,1,ST,9,NA,8/31/16,2025,14,England,1318,SUB,18,Right,3,3,2,High,Medium,Unique,Yes,74100000,NA,Power Header,83,77,64,77,39,82,65,82,89,72,73,76,64,54,47,80,76,89,72,81,65,79,91,80,83,65,78,35,84,64,77,76,38,31,23,12,12,8,7,11,NA,81+2,81+2,81+2,76,78,78,78,76,74+2,74+2,74+2,75+2,67+2,67+2,67+2,75+2,59+2,56+2,56+2,56+2,59+2,57+2,55+2,55+2,55+2,57+2,18+2,https://cdn.sofifa.net/players/221/479/22_120.png,https://cdn.sofifa.net/teams/7/60.png,https://cdn.sofifa.net/flags/gb-eng.png,https://cdn.sofifa.net/teams/1318/60.png,https://cdn.sofifa.net/flags/gb-eng.png,5555,33,2878,16,18.21051367,0,2.101818834,83,18,3,0,F S,Everton,16,18.21051367,19.88430648,4.270797715,Dominic Calvert-Lewin,32(1),2876,16,0,3,0,2.5,68.7,4.7,4,7.17,Everton,83,16,18.21051378,24,59,13,3,64,19,10,6,34,12,0,37,7,1,0,8,21,53,9,10,6,0,46,6,-2.210513781,0.541666667,0.050847458,0.15625,0.315789474,0.205882353,0.083333333,NA,0.216216216,0.476190476,0.113207547,0,0.130434783,ST
16,Edinson Cavani,Cavani,179813,https://sofifa.com/player/179813/edinson-cavani/220002,E. Cavani,Edinson Roberto Cavani Gómez,ST,85,85,26000000,190000,34,2/14/87,185,77,11,Manchester United,English Premier League,1,SUB,21,NA,10/5/20,2022,60,Uruguay,NA,NA,NA,Right,4,3,4,High,High,Unique,Yes,48100000,NA,"Injury Prone, Power Header",66,86,70,76,51,79,68,89,88,75,86,74,76,74,52,81,64,68,68,90,57,87,88,81,77,77,81,54,93,75,85,85,45,48,39,12,5,13,13,10,NA,84+1,84+1,84+1,78,81,81,81,78,78+3,78+3,78+3,76+3,73+3,73+3,73+3,76+3,65+3,64+3,64+3,64+3,65+3,63+3,63+3,63+3,63+3,63+3,19+3,https://cdn.sofifa.net/players/179/813/22_120.png,https://cdn.sofifa.net/teams/11/60.png,https://cdn.sofifa.net/flags/gb-eng.png,NA,https://cdn.sofifa.net/flags/uy.png,3294,26,1355,10,8.603231721,3,2.317243515,34,14,4,0,F S,Manchester United,10,8.603231721,12.25918739,2.730645167,Edinson Cavani,13(13),1372,10,3,4,0,1.3,77.4,0.4,1,6.67,Manchester United,34,10,8.60323175,14,20,7,3,28,6,8,2,12,7,0,15,6,1,0,3,6,25,3,2,7,1,25,7,1.39676825,0.5,0.15,0.285714286,0.333333333,0.5,0.142857143,NA,0.2,0.333333333,0.28,0.333333333,0.28,ST
17,Ferrán Torres,Torres,241461,https://sofifa.com/player/241461/ferran-torres-garcia/220002,Ferran Torres,Ferran Torres García,"RW, ST",82,90,68500000,120000,21,2/29/00,184,77,10,Manchester City,English Premier League,1,ST,21,NA,8/4/20,2025,45,Spain,1362,RW,11,Right,4,4,1,High,Medium,Lean (170-185),Yes,140400000,NA,Technical Dribbler (AI),82,79,78,82,35,66,77,81,73,80,74,84,71,60,78,81,87,78,82,81,76,79,75,73,70,76,45,34,84,84,66,82,35,24,28,12,9,11,15,12,NA,80+2,80+2,80+2,82,82,82,82,82,82+2,82+2,82+2,81+2,75+2,75+2,75+2,81+2,61+2,58+2,58+2,58+2,61+2,57+2,49+2,49+2,49+2,57+2,20+2,https://cdn.sofifa.net/players/241/461/22_120.png,https://cdn.sofifa.net/teams/10/60.png,https://cdn.sofifa.net/flags/gb-eng.png,https://cdn.sofifa.net/teams/1362/60.png,https://cdn.sofifa.net/flags/es.png,6441,24,1305,7,5.728707629,2,2.202425992,36,18,1,0,F M S,Manchester City,7,5.728707629,10.00299604,2.958362011,Ferran Torres,15(9),1306,7,2,1,0,1.5,85.2,0.6,2,6.76,Manchester City,36,7,5.728707674,7,29,4,3,29,7,6,1,5,7,0,24,0,2,0,5,3,26,7,1,5,1,21,5,1.271292326,0.571428571,0.103448276,0.206896552,0.142857143,0,0.285714286,NA,0.208333333,0.333333333,0.192307692,0.142857143,0.238095238,W
18,Gabriel Jesus,Jesus,230666,https://sofifa.com/player/230666/gabriel-fernando-de-jesus/220002,Gabriel Jesus,Gabriel Fernando de Jesus,ST,83,87,52500000,150000,24,4/3/97,175,73,10,Manchester City,English Premier League,1,SUB,9,NA,8/3/16,2023,54,Brazil,NA,NA,NA,Right,3,4,2,High,Medium,Unique,Yes,101100000,"#Dribbler, #Acrobat","Flair, Chip Shot (AI), Technical Dribbler (AI)",84,81,72,86,39,73,66,84,77,77,77,86,76,54,66,86,87,82,91,86,87,82,79,79,69,76,73,32,87,77,75,79,45,30,28,13,8,6,6,15,NA,83+2,83+2,83+2,82,83,83,83,82,82+2,82+2,82+2,81+2,74+2,74+2,74+2,81+2,62+2,60+2,60+2,60+2,62+2,58+2,54+2,54+2,54+2,58+2,19+2,https://cdn.sofifa.net/players/230/666/22_120.png,https://cdn.sofifa.net/teams/10/60.png,https://cdn.sofifa.net/flags/gb-eng.png,NA,https://cdn.sofifa.net/flags/br.png,5543,29,2053,9,9.653353471,4,3.549695262,55,31,2,0,F M S,Manchester City,9,9.653353471,17.87849656,6.233648159,Gabriel Jesus,22(7),2060,9,4,2,0,1.9,85,0.7,1,7.11,Manchester City,55,9,9.653353566,12,43,8,1,48,7,9,0,7,15,0,33,1,3,0,5,8,36,11,5,4,0,32,3,-0.653353566,0.666666667,0.023255814,0.1875,0,0.142857143,0.2,NA,0.151515152,0.625,0.111111111,0,0.09375,ST
19,Gareth Bale,Bale,173731,https://sofifa.com/player/173731/gareth-bale/220002,G. Bale,Gareth Frank Bale,"RM, RW",82,82,25000000,170000,31,7/16/89,185,82,243,Real Madrid CF,Spain Primera Division,1,RW,18,NA,9/1/13,2022,50,Wales,1367,RM,11,Left,3,4,4,Medium,Medium,Unique,Yes,51300000,"#Distance Shooter, #Crosser, #FK Specialist","Long Throw-in, Injury Prone, Long Shot Taker (AI), Speed Dribbler (AI), Outside Foot Shot, Chip Shot (AI)",82,84,82,80,55,70,86,82,84,80,85,80,91,87,79,83,80,83,78,78,64,90,84,61,76,87,64,53,82,79,76,85,50,53,50,15,15,11,5,6,NA,82,82,82,82,82,82,82,82,81+1,81+1,81+1,80+2,77+3,77+3,77+3,80+2,68+3,67+3,67+3,67+3,68+3,67+3,64+3,64+3,64+3,67+3,18+3,https://cdn.sofifa.net/players/173/731/22_120.png,https://cdn.sofifa.net/teams/243/60.png,https://cdn.sofifa.net/flags/es.png,https://cdn.sofifa.net/teams/1367/60.png,https://cdn.sofifa.net/flags/gb-wls.png,2251,20,909,11,5.797857678,2,1.842241395,38,21,1,0,M S,Tottenham,11,5.797857678,8.14964091,2.594513725,Gareth Bale,10(10),923,11,2,1,0,1.9,73.2,1.2,4,7.3,Tottenham,38,11,5.797857688,6,32,5,6,29,9,11,0,6,31,0,1,2,8,0,1,6,16,16,5,5,1,14,4,5.202142312,0.833333333,0.1875,0.379310345,0,0.333333333,0.258064516,NA,1,0.833333333,0.3125,0.0625,0.285714286,W
20,Harry Kane,Kane,202126,https://sofifa.com/player/202126/harry-kane/220002,H. Kane,Harry Kane,ST,90,90,129500000,240000,27,7/28/93,188,89,18,Tottenham Hotspur,English Premier League,1,ST,10,NA,7/28/10,2024,14,England,1318,ST,9,Right,5,3,4,High,High,Unique,Yes,246100000,"#Distance Shooter, #Clinical Finisher","Leadership, Long Passer (AI), Long Shot Taker (AI), Playmaker (AI), Outside Foot Shot",70,91,83,83,47,83,80,94,86,85,88,83,83,65,86,85,65,74,71,92,70,91,79,83,85,86,80,44,94,87,91,91,50,36,38,8,10,11,14,11,NA,88+2,88+2,88+2,84,86,86,86,84,85+3,85+3,85+3,84+3,82+3,82+3,82+3,84+3,67+3,68+3,68+3,68+3,67+3,64+3,61+3,61+3,61+3,64+3,20+3,https://cdn.sofifa.net/players/202/126/22_120.png,https://cdn.sofifa.net/teams/18/60.png,https://cdn.sofifa.net/flags/gb-eng.png,https://cdn.sofifa.net/teams/1318/60.png,https://cdn.sofifa.net/flags/gb-eng.png,647,35,3097,23,22.17485891,14,7.577093588,138,49,1,0,F,Tottenham,19,19.13018344,24.99564832,4.451256848,Harry Kane,35,3087,23,14,1,0,3.9,69.9,2.2,13,7.79,Tottenham,134,19,19.1301833,27,107,13,6,94,40,18,1,28,27,0,79,4,3,0,12,16,66,52,4,11,4,45,9,-0.130183304,0.481481481,0.056074766,0.191489362,0.025,0.142857143,0.111111111,NA,0.151898734,0.25,0.166666667,0.076923077,0.2,ST
21,Harvey Barnes,Barnes,234742,https://sofifa.com/player/234742/harvey-barnes/220002,H. Barnes,Harvey Lewis Barnes,"LM, LW",81,84,35000000,95000,23,12/9/97,180,66,95,Leicester City,English Premier League,1,LM,7,NA,6/25/16,2025,14,England,NA,NA,NA,Right,4,3,1,High,Medium,Normal (170-185),Yes,69100000,NA,"Long Shot Taker (AI), Playmaker (AI), Outside Foot Shot",86,77,76,81,45,63,78,78,46,77,66,82,76,69,68,81,85,86,81,82,79,80,59,73,64,79,48,43,81,79,54,75,45,47,44,6,5,11,8,10,NA,76+2,76+2,76+2,81,80,80,80,81,80+2,80+2,80+2,80+2,74+2,74+2,74+2,80+2,66+2,62+2,62+2,62+2,66+2,63+2,53+2,53+2,53+2,63+2,16+2,https://cdn.sofifa.net/players/234/742/22_120.png,https://cdn.sofifa.net/teams/95/60.png,https://cdn.sofifa.net/flags/gb-eng.png,NA,https://cdn.sofifa.net/flags/gb-eng.png,6681,25,1954,9,6.697319919,4,1.771688027,56,26,0,0,F M S,Leicester,9,6.697319919,8.893774411,1.594840528,Harvey Barnes,22(3),1950,9,4,0,0,2.2,75.2,1,2,6.98,Leicester,56,9,6.697319956,9,47,4,5,51,5,9,0,1,12,0,43,0,4,0,5,3,38,15,0,7,2,24,7,2.302680044,0.444444444,0.106382979,0.176470588,0,0,0.333333333,NA,0.11627907,0,0.184210526,0.133333333,0.291666667,W
22,Ilkay Gündogan,Gundogan,186942,https://sofifa.com/player/186942/ilkay-gundogan/220002,İ. Gündoğan,İlkay Gündoğan,"CM, CDM",85,85,51500000,185000,30,10/24/90,180,80,10,Manchester City,English Premier League,1,LCM,8,NA,7/1/16,2023,21,Germany,1337,SUB,21,Right,4,4,3,High,Medium,Normal (170-185),Yes,95300000,"#Dribbler, #Playmaker, #Complete Midfielder","Injury Prone, Long Shot Taker (AI), Playmaker (AI), Technical Dribbler (AI)",65,80,85,86,73,72,78,80,50,88,75,86,86,80,85,89,66,65,77,86,77,79,61,74,73,81,70,78,82,86,80,87,76,75,67,11,14,5,5,13,NA,78+3,78+3,78+3,82,82,82,82,82,84+1,84+1,84+1,82+3,84+1,84+1,84+1,82+3,78+3,80+3,80+3,80+3,78+3,75+3,73+3,73+3,73+3,75+3,19+3,https://cdn.sofifa.net/players/186/942/22_120.png,https://cdn.sofifa.net/teams/10/60.png,https://cdn.sofifa.net/flags/gb-eng.png,https://cdn.sofifa.net/teams/1337/60.png,https://cdn.sofifa.net/flags/de.png,314,28,2033,13,9.566883081,2,3.816219656,54,42,1,0,M S,Manchester City,12,8.044545346,19.28681173,10.14837474,Ilkay Gündogan,23(5),2031,13,2,1,0,1.9,91.7,0.4,2,7.29,Manchester City,52,12,8.044545333,10,42,7,5,40,12,11,1,4,9,1,38,1,3,0,8,6,29,17,4,6,2,25,6,3.955454667,0.7,0.119047619,0.275,0.083333333,0.25,0.333333333,0,0.210526316,0.666666667,0.206896552,0.117647059,0.24,CM
23,Jack Grealish,Grealish,206517,https://sofifa.com/player/206517/jack-grealish/220002,J. Grealish,Jack Grealish,"LW, LM, CAM",84,85,50500000,180000,25,9/10/95,180,81,10,Manchester City,English Premier League,1,LW,10,NA,8/5/21,2027,14,England,1318,SUB,7,Right,3,4,3,High,Medium,Unique,Yes,97200000,#Dribbler,"Flair, Playmaker (AI), Technical Dribbler (AI)",80,76,83,88,46,64,81,77,36,85,72,89,78,74,82,88,81,79,85,79,84,76,36,80,61,80,60,44,81,85,58,88,48,49,43,11,6,11,10,13,NA,75+3,75+3,75+3,83,82,82,82,83,84+1,84+1,84+1,83+2,80+3,80+3,80+3,83+2,68+3,67+3,67+3,67+3,68+3,64+3,53+3,53+3,53+3,64+3,18+3,https://cdn.sofifa.net/players/206/517/22_120.png,https://cdn.sofifa.net/teams/10/60.png,https://cdn.sofifa.net/flags/gb-eng.png,https://cdn.sofifa.net/teams/1318/60.png,https://cdn.sofifa.net/flags/gb-eng.png,675,26,2187,6,5.192683823,10,9.334136628,50,81,5,0,F M S,Aston Villa,6,5.192683823,17.48746881,6.972043984,Jack Grealish,24(2),2184,6,10,6,0,1.9,83.3,1,4,7.56,Aston Villa,50,6,5.192683821,4,46,2,4,42,8,6,0,1,10,0,39,0,0,0,6,2,35,13,1,3,2,21,3,0.807316179,0.5,0.086956522,0.142857143,0,0,0,NA,0.153846154,0.5,0.085714286,0.153846154,0.142857143,W
24,Jack Harrison,Harrison,232080,https://sofifa.com/player/232080/jack-harrison/220002,J. Harrison,Jack Harrison,"LM, RM",78,84,22000000,66000,24,11/20/96,175,70,8,Leeds United,English Premier League,1,LM,22,NA,7/2/21,2024,14,England,NA,NA,NA,Left,3,4,1,High,High,Normal (170-185),Yes,46200000,NA,"Finesse Shot, Flair, Technical Dribbler (AI)",83,71,72,79,42,68,76,71,45,73,62,79,70,56,62,78,84,82,82,75,81,75,63,85,65,68,57,36,75,76,64,73,42,43,44,11,8,10,6,11,NA,72+2,72+2,72+2,77,75,75,75,77,75+2,75+2,75+2,77+2,70+2,70+2,70+2,77+2,64+2,59+2,59+2,59+2,64+2,61+2,51+2,51+2,51+2,61+2,16+2,https://cdn.sofifa.net/players/232/080/22_120.png,https://cdn.sofifa.net/teams/8/60.png,https://cdn.sofifa.net/flags/gb-eng.png,NA,https://cdn.sofifa.net/flags/gb-eng.png,8720,36,2871,8,6.254042701,8,7.523059309,46,59,2,0,M S,Leeds,8,6.254042701,19.39748966,8.035575423,Jack Harrison,34(2),2858,8,8,2,0,1.3,74,0.7,4,6.96,Leeds,46,8,6.254042635,8,38,3,5,41,5,7,1,2,33,0,11,0,3,0,5,3,33,10,1,6,1,22,5,1.745957365,0.375,0.131578947,0.170731707,0.2,0,0.090909091,NA,0.454545455,0.333333333,0.181818182,0.1,0.227272727,W
25,James Maddison,Maddison,220697,https://sofifa.com/player/220697/james-maddison/220002,J. Maddison,James Maddison,"CAM, CM",82,85,41500000,100000,24,11/23/96,175,73,95,Leicester City,English Premier League,1,CAM,10,NA,6/20/18,2024,14,England,NA,NA,NA,Right,4,4,1,High,Medium,Lean (170-185),Yes,82000000,NA,"Flair, Long Shot Taker (AI), Playmaker (AI), Outside Foot Shot",75,78,84,84,54,60,81,75,35,84,70,84,85,84,82,86,78,72,86,76,83,83,54,74,51,80,68,44,80,87,74,84,59,65,42,11,14,14,12,14,NA,74+2,74+2,74+2,81,80,80,80,81,82+2,82+2,82+2,81+2,80+2,80+2,80+2,81+2,69+2,69+2,69+2,69+2,69+2,65+2,57+2,57+2,57+2,65+2,20+2,https://cdn.sofifa.net/players/220/697/22_120.png,https://cdn.sofifa.net/teams/95/60.png,https://cdn.sofifa.net/flags/gb-eng.png,NA,https://cdn.sofifa.net/flags/gb-eng.png,6818,31,2123,8,3.827569867,5,5.386723921,75,50,4,0,M S,Leicester,8,3.827569867,11.7434311,6.073130352,James Maddison,24(7),2105,8,5,4,0,2.4,83.3,0.1,2,7,Leicester,75,8,3.827569887,1,74,1,7,59,16,7,1,1,14,0,60,0,2,0,6,0,23,52,0,5,3,17,4,4.172430113,1,0.094594595,0.118644068,0.0625,0,0.142857143,NA,0.1,NA,0.217391304,0.057692308,0.235294118,CM
26,James Rodríguez,Rodriguez,169792,https://sofifa.com/player/169792/jay-rodriguez/220002,J. Rodriguez,Jay Rodriguez,ST,74,74,3600000,33000,31,7/29/89,185,84,1796,Burnley,English Premier League,1,SUB,19,NA,7/9/19,2022,14,England,NA,NA,NA,Right,4,3,2,High,Medium,Lean (185+),Yes,6800000,NA,Long Shot Taker (AI),67,76,67,73,42,66,68,75,76,69,76,73,69,39,66,74,65,69,69,75,64,78,78,68,73,76,45,44,75,70,78,77,48,30,21,12,12,16,14,9,NA,74,74,74,72,73,73,73,72,72+2,72+2,72+2,71+2,68+2,68+2,68+2,71+2,57+2,56+2,56+2,56+2,57+2,54+2,52+2,52+2,52+2,54+2,19+2,https://cdn.sofifa.net/players/169/792/22_120.png,https://cdn.sofifa.net/teams/1796/60.png,https://cdn.sofifa.net/flags/gb-eng.png,NA,https://cdn.sofifa.net/flags/gb-eng.png,2249,23,1802,6,3.363537842,4,5.439711567,37,40,4,0,F M S,Everton,6,3.363537842,12.03300487,7.104181377,James Rodríguez,21(2),1776,6,4,4,0,1.6,83.3,0.3,3,7.21,Everton,37,6,3.363537826,3,34,2,4,31,6,6,0,0,31,0,6,0,3,0,3,0,18,19,0,4,2,16,4,2.636462174,0.666666667,0.117647059,0.193548387,0,NA,0.096774194,NA,0.5,NA,0.222222222,0.105263158,0.25,CM
27,James Ward-Prowse,Ward-Prowse,205569,https://sofifa.com/player/205569/james-ward-prowse/220002,J. Ward-Prowse,James Ward-Prowse,CM,81,84,33500000,69000,26,11/1/94,173,66,17,Southampton,English Premier League,1,RCM,8,NA,6/1/11,2026,14,England,NA,NA,NA,Right,3,3,2,Medium,High,Normal (170-185),Yes,66200000,"#Crosser, #FK Specialist","Solid Player, Early Crosser, Long Passer (AI), Long Shot Taker (AI), Team Player",59,74,86,78,67,73,89,71,57,85,51,76,92,92,84,82,66,54,75,75,76,82,65,91,64,79,73,67,65,82,79,77,64,74,65,12,12,10,15,15,NA,71+2,71+2,71+2,76,75,75,75,76,77+2,77+2,77+2,77+2,80+2,80+2,80+2,77+2,75+2,76+2,76+2,76+2,75+2,73+2,68+2,68+2,68+2,73+2,20+2,https://cdn.sofifa.net/players/205/569/22_120.png,https://cdn.sofifa.net/teams/17/60.png,https://cdn.sofifa.net/flags/gb-eng.png,NA,https://cdn.sofifa.net/flags/gb-eng.png,843,38,3420,8,5.442036316,7,4.070979098,43,60,5,0,D M,Southampton,5,2.397360951,10.63773024,9.401033999,James Ward-Prowse,38,3420,8,7,5,0,1.1,86.4,1.2,2,7.07,Southampton,39,5,2.397360967,0,39,0,5,19,20,1,4,0,3,0,36,0,0,0,5,0,7,32,0,1,4,7,1,2.602639033,NA,0.128205128,0.052631579,0.2,NA,0,NA,0.138888889,NA,0.142857143,0.125,0.142857143,CM
28,Jamie Vardy,Vardy,208830,https://sofifa.com/player/208830/jamie-vardy/220002,J. Vardy,Jamie Vardy,ST,86,86,33000000,180000,34,1/11/87,179,74,95,Leicester City,English Premier League,1,ST,9,NA,5/1/12,2023,14,England,NA,NA,NA,Right,4,3,3,High,Medium,Unique,Yes,62700000,NA,"Dives Into Tackles (AI), Team Player, Chip Shot (AI)",85,84,70,80,52,73,69,90,79,74,84,78,68,60,60,82,85,85,76,91,76,87,80,76,66,67,87,49,92,76,85,88,45,52,54,15,14,7,15,11,NA,84+2,84+2,84+2,81,83,83,83,81,80+3,80+3,80+3,80+3,74+3,74+3,74+3,80+3,68+3,65+3,65+3,65+3,68+3,67+3,63+3,63+3,63+3,67+3,22+3,https://cdn.sofifa.net/players/208/830/22_120.png,https://cdn.sofifa.net/teams/95/60.png,https://cdn.sofifa.net/flags/gb-eng.png,NA,https://cdn.sofifa.net/flags/gb-eng.png,755,34,2848,15,19.94294611,9,5.087881522,82,28,1,0,F S,Leicester,7,13.09242658,18.22790737,2.412587734,Jamie Vardy,31(3),2846,15,9,1,0,2.4,67.5,1.5,3,7.11,Leicester,73,7,13.09242662,21,52,7,0,65,8,7,0,13,20,0,40,1,1,0,5,9,57,7,2,5,0,45,5,-6.09242662,0.333333333,0,0.107692308,0,0.076923077,0.05,NA,0.125,0.222222222,0.087719298,0,0.111111111,ST
29,Jarrod Bowen,Bowen,224371,https://sofifa.com/player/224371/jarrod-bowen/220002,J. Bowen,Jarrod Bowen,"RM, ST",78,83,21000000,57000,24,12/20/96,175,70,19,West Ham United,English Premier League,1,SUB,20,NA,1/31/20,2025,14,England,NA,NA,NA,Left,3,4,1,High,Medium,Normal (170-185),Yes,41500000,NA,"Long Shot Taker (AI), Technical Dribbler (AI)",76,74,73,79,44,65,76,78,64,73,53,80,71,70,67,78,78,75,79,77,82,69,63,78,62,76,56,37,79,74,70,72,49,40,36,14,8,14,10,7,NA,74+2,74+2,74+2,77,77,77,77,77,76+2,76+2,76+2,77+2,71+2,71+2,71+2,77+2,62+2,59+2,59+2,59+2,62+2,59+2,53+2,53+2,53+2,59+2,17+2,https://cdn.sofifa.net/players/224/371/22_120.png,https://cdn.sofifa.net/teams/19/60.png,https://cdn.sofifa.net/flags/gb-eng.png,NA,https://cdn.sofifa.net/flags/gb-eng.png,1776,38,2599,8,7.988894353,5,5.229475777,55,29,0,0,F M S,West Ham,8,7.988894353,14.17193911,3.096994995,Jarrod Bowen,30(8),2579,8,5,0,0,1.4,74.4,0.6,1,6.75,West Ham,55,8,7.988894319,10,45,4,4,47,8,6,2,2,38,2,13,0,5,2,1,6,34,15,1,7,0,21,5,0.011105681,0.4,0.088888889,0.127659574,0.25,0,0.131578947,1,0.076923077,0.166666667,0.205882353,0,0.238095238,W
30,Jesse Lingard,Lingard,207494,https://sofifa.com/player/207494/jesse-lingard/220002,J. Lingard,Jesse Lingard,CAM,79,79,17500000,115000,28,12/15/92,175,60,11,Manchester United,English Premier League,1,SUB,14,NA,7/1/11,2022,14,England,NA,NA,NA,Right,3,4,2,High,Medium,Lean (170-185),Yes,32400000,NA,"Long Shot Taker (AI), Technical Dribbler (AI)",76,79,75,80,58,68,74,78,67,78,76,80,79,68,65,80,78,75,83,81,84,79,65,79,60,81,74,54,83,79,70,77,63,57,49,14,10,8,13,9,NA,77+2,77+2,77+2,79,79,79,79,79,79,79,79,78+1,75+2,75+2,75+2,78+1,69+2,68+2,68+2,68+2,69+2,67+2,63+2,63+2,63+2,67+2,19+2,https://cdn.sofifa.net/players/207/494/22_120.png,https://cdn.sofifa.net/teams/11/60.png,https://cdn.sofifa.net/flags/gb-eng.png,NA,https://cdn.sofifa.net/flags/gb-eng.png,558,16,1434,9,5.249168519,4,2.329288414,42,18,3,0,F M,West Ham,8,3.726830892,10.09570865,5.690425143,NA,NA,NA,NA,NA,NA,NA,NA,NA,NA,NA,NA,West Ham,40,8,3.726830884,4,36,3,5,35,5,7,1,0,9,0,31,0,4,0,4,1,21,18,1,7,0,12,4,4.273169116,0.75,0.138888889,0.2,0.2,NA,0.444444444,NA,0.129032258,1,0.333333333,0,0.333333333,CM
31,Joe Willock,Willock,237329,https://sofifa.com/player/237329/joe-willock/220002,J. Willock,Joseph Willock,"CAM, CM",75,83,12500000,26000,21,8/20/99,186,76,13,Newcastle United,English Premier League,1,RCM,28,NA,8/13/21,2026,14,England,NA,NA,NA,Right,3,3,1,Medium,Medium,Lean (185+),Yes,26300000,NA,NA,76,72,68,76,61,69,60,76,64,76,66,78,64,46,69,77,74,78,74,77,70,73,60,74,66,66,70,62,78,69,62,70,58,65,53,11,6,12,8,9,NA,74+2,74+2,74+2,74,75,75,75,74,75+2,75+2,75+2,74+2,73+2,73+2,73+2,74+2,68+2,68+2,68+2,68+2,68+2,67+2,65+2,65+2,65+2,67+2,16+2,https://cdn.sofifa.net/players/237/329/22_120.png,https://cdn.sofifa.net/teams/13/60.png,https://cdn.sofifa.net/flags/gb-eng.png,NA,https://cdn.sofifa.net/flags/gb-eng.png,6630,21,1215,8,5.088089783,0,0.73370116,23,10,1,0,M S,"Arsenal,Newcastle United",8,4.326921005,7.007069375,2.987727125,NA,NA,NA,NA,NA,NA,NA,NA,NA,NA,NA,NA,Newcastle United,22,8,4.326920946,6,16,5,3,21,1,7,1,6,5,0,11,2,3,0,3,3,17,2,3,5,0,14,5,3.673079054,0.833333333,0.1875,0.333333333,1,0.333333333,0.6,NA,0.272727273,1,0.294117647,0,0.357142857,CM
32,Kelechi Iheanacho,Iheanacho,225719,https://sofifa.com/player/225719/kelechi-iheanacho/220002,K. Iheanacho,Kelechi Promise Iheanacho,"ST, CF",78,82,20500000,83000,24,10/3/96,185,82,95,Leicester City,English Premier League,1,SUB,14,NA,8/3/17,2024,133,Nigeria,NA,NA,NA,Left,3,4,1,Medium,Medium,Normal (185+),Yes,40500000,NA,"Finesse Shot, Flair, Long Shot Taker (AI), Team Player",74,80,70,77,38,71,59,82,67,77,77,79,74,64,69,78,75,74,73,77,72,81,57,71,73,78,71,30,80,71,70,68,39,36,32,8,7,7,11,15,NA,78+2,78+2,78+2,76,78,78,78,76,77+2,77+2,77+2,75+2,71+2,71+2,71+2,75+2,58+2,58+2,58+2,58+2,58+2,55+2,52+2,52+2,52+2,55+2,17+2,https://cdn.sofifa.net/players/225/719/22_120.png,https://cdn.sofifa.net/teams/95/60.png,https://cdn.sofifa.net/flags/gb-eng.png,NA,https://cdn.sofifa.net/flags/ng.png,620,25,1452,12,9.048596148,2,3.534099193,59,28,1,0,F S,Leicester,12,8.287427311,13.96156364,3.429915309,Kelechi Iheanacho,16(9),1458,12,2,1,0,2.4,79.8,0.3,2,6.84,Leicester,58,12,8.287427424,12,46,6,6,55,3,12,0,3,50,1,4,1,9,0,2,6,31,21,1,9,2,21,7,3.712572576,0.5,0.130434783,0.218181818,0,0.333333333,0.18,0,0.5,0.166666667,0.290322581,0.095238095,0.333333333,ST
33,Kurt Zouma,Zouma,204311,https://sofifa.com/player/204311/kurt-zouma/220002,K. Zouma,Kurt Happy Zouma,CB,81,84,30000000,75000,26,10/27/94,190,95,19,West Ham United,English Premier League,1,SUB,4,NA,8/28/21,2025,18,France,1335,SUB,15,Right,3,2,2,Medium,Medium,Normal (185+),Yes,59300000,#Strength,Power Header,65,51,63,57,81,85,49,47,84,72,47,50,60,59,68,64,54,74,52,78,52,63,91,67,93,49,84,80,49,60,59,69,81,82,78,14,14,7,9,15,NA,62+2,62+2,62+2,58,60,60,60,58,60+2,60+2,60+2,60+2,66+2,66+2,66+2,60+2,70+2,75+2,75+2,75+2,70+2,73+2,81+2,81+2,81+2,73+2,20+2,https://cdn.sofifa.net/players/204/311/22_120.png,https://cdn.sofifa.net/teams/19/60.png,https://cdn.sofifa.net/flags/gb-eng.png,https://cdn.sofifa.net/teams/1335/60.png,https://cdn.sofifa.net/flags/fr.png,935,24,2024,5,3.136853445,0,0.081466971,27,4,3,0,D S,Chelsea,5,3.136853445,6.216146336,6.133133308,Kurt Zouma,22(2),2025,5,0,3,0,1.1,90.9,3.6,1,7.07,Chelsea,27,5,3.136853449,5,22,2,3,5,22,0,5,18,2,1,6,4,0,0,1,0,23,4,0,5,0,23,5,1.863146551,0.4,0.136363636,0,0.227272727,0.222222222,0,0,0.166666667,NA,0.217391304,0,0.217391304,DEF
34,Leandro Trossard,Trossard,207421,https://sofifa.com/player/207421/leandro-trossard/220002,L. Trossard,Leandro Trossard,"LM, LW, ST",77,78,12500000,55000,26,12/4/94,172,67,1808,Brighton & Hove Albion,English Premier League,1,CAM,11,NA,7/1/19,2023,7,Belgium,1325,SUB,20,Right,4,4,1,High,Medium,Normal (170-185),Yes,24700000,#Acrobat,"Flair, Long Shot Taker (AI), Outside Foot Shot, Technical Dribbler (AI)",82,76,74,80,30,61,74,76,62,75,74,79,81,69,73,77,89,76,92,72,85,76,78,71,60,79,47,18,75,74,75,80,30,31,18,14,8,11,7,7,NA,74+2,74+2,74+2,77,76,76,76,77,77+1,77+1,77+1,76+2,70+2,70+2,70+2,76+2,55+2,52+2,52+2,52+2,55+2,51+2,43+2,43+2,43+2,51+2,16+2,https://cdn.sofifa.net/players/207/421/22_120.png,https://cdn.sofifa.net/teams/1808/60.png,https://cdn.sofifa.net/flags/gb-eng.png,https://cdn.sofifa.net/teams/1325/60.png,https://cdn.sofifa.net/flags/be.png,7698,35,2647,5,5.412756389,5,5.398416234,58,51,2,0,F M S,Brighton,5,5.412756389,15.99893452,7.631562136,Leandro Trossard,30(5),2622,5,5,2,0,1.7,78.8,0.1,2,6.8,Brighton,58,5,5.412756398,5,53,1,4,51,7,5,0,2,28,0,28,0,1,0,4,2,30,26,0,3,2,22,3,-0.412756398,0.2,0.075471698,0.098039216,0,0,0.035714286,NA,0.142857143,0,0.1,0.076923077,0.136363636,W
35,Lewis Dunk,Dunk,199915,https://sofifa.com/player/199915/lewis-dunk/220002,L. Dunk,Lewis Dunk,CB,78,79,13000000,56000,29,11/21/91,192,88,1808,Brighton & Hove Albion,English Premier League,1,LCB,5,NA,7/1/10,2025,14,England,NA,NA,NA,Right,3,2,1,Medium,High,Normal (185+),Yes,25700000,NA,"Power Free-Kick, Solid Player, Dives Into Tackles (AI), Leadership, Long Passer (AI), Power Header, Team Player",46,51,62,64,79,78,32,42,76,75,24,65,52,69,75,70,39,52,38,82,39,72,74,68,83,67,80,78,30,58,36,77,81,78,78,15,16,9,12,6,NA,59+2,59+2,59+2,56,59,59,59,56,61+2,61+2,61+2,58+2,68+2,68+2,68+2,58+2,67+2,76+2,76+2,76+2,67+2,69+2,78+1,78+1,78+1,69+2,20+2,https://cdn.sofifa.net/players/199/915/22_120.png,https://cdn.sofifa.net/teams/1808/60.png,https://cdn.sofifa.net/flags/gb-eng.png,NA,https://cdn.sofifa.net/flags/gb-eng.png,6048,33,2934,5,2.709076251,0,0.830638369,32,10,5,2,D,Brighton,5,2.709076251,8.376229838,7.971441999,Lewis Dunk,33,2933,5,0,5,2,1,89.4,2.4,0,6.84,Brighton,33,5,2.709076248,3,30,1,4,2,31,0,5,22,2,0,9,4,0,0,1,4,22,7,1,4,0,22,4,2.290923752,0.333333333,0.133333333,0,0.161290323,0.181818182,0,NA,0.111111111,0.25,0.181818182,0,0.181818182,DEF
36,Marcus Rashford,Rashford,231677,https://sofifa.com/player/231677/marcus-rashford/220002,M. Rashford,Marcus Rashford,"LM, ST",85,89,77500000,150000,23,10/31/97,186,70,11,Manchester United,English Premier League,1,SUB,10,NA,7/1/14,2023,14,England,1318,SUB,11,Right,3,5,3,High,Medium,Unique,Yes,149200000,#Dribbler,"Power Free-Kick, Flair, Long Shot Taker (AI), Speed Dribbler (AI), Team Player",90,84,79,84,43,77,80,83,68,80,73,86,83,76,71,84,86,93,84,84,75,92,74,86,75,81,73,42,83,81,84,80,45,38,33,11,6,15,7,14,NA,83+3,83+3,83+3,84,84,84,84,84,83+3,83+3,83+3,83+3,77+3,77+3,77+3,83+3,67+3,64+3,64+3,64+3,67+3,63+3,57+3,57+3,57+3,63+3,18+3,https://cdn.sofifa.net/players/231/677/22_120.png,https://cdn.sofifa.net/teams/11/60.png,https://cdn.sofifa.net/flags/gb-eng.png,https://cdn.sofifa.net/teams/1318/60.png,https://cdn.sofifa.net/flags/gb-eng.png,556,37,2941,11,9.579709992,9,4.185122116,79,44,4,0,F M S,Manchester United,11,9.579709992,20.44191016,8.927207557,Marcus Rashford,33(4),2928,11,9,4,0,2.1,82.1,0.7,3,7.13,Manchester United,79,11,9.579709977,14,65,5,6,69,10,11,0,6,10,0,63,0,3,0,8,4,49,26,0,11,0,36,10,1.420290023,0.357142857,0.092307692,0.15942029,0,0,0.3,NA,0.126984127,0,0.224489796,0,0.277777778,W
37,Mason Greenwood,Greenwood,246147,https://sofifa.com/player/246147/mason-greenwood/220002,M. Greenwood,Mason Greenwood,"RM, ST",78,89,30500000,56000,19,10/1/01,181,70,11,Manchester United,English Premier League,1,RM,11,NA,10/2/18,2025,14,England,NA,NA,NA,Left,5,3,1,High,Medium,Lean (170-185),Yes,62500000,NA,"Finesse Shot, Flair, Long Shot Taker (AI), Outside Foot Shot, Technical Dribbler (AI)",84,78,73,79,39,68,72,77,65,76,68,81,75,65,69,78,83,84,81,77,76,83,67,74,69,78,59,34,79,73,67,76,35,39,33,5,6,6,9,8,NA,77+2,77+2,77+2,78,78,78,78,78,77+2,77+2,77+2,77+2,72+2,72+2,72+2,77+2,61+2,58+2,58+2,58+2,61+2,58+2,51+2,51+2,51+2,58+2,15+2,https://cdn.sofifa.net/players/246/147/22_120.png,https://cdn.sofifa.net/teams/11/60.png,https://cdn.sofifa.net/flags/gb-eng.png,NA,https://cdn.sofifa.net/flags/gb-eng.png,7490,31,1825,7,6.975748036,2,2.42789981,67,14,2,0,F M S,Manchester United,7,6.975748036,14.03183276,5.954058945,Mason Greenwood,21(10),1826,7,2,2,0,2.2,85,0.2,1,6.72,Manchester United,67,7,6.97574803,7,60,2,5,62,5,6,1,6,44,0,17,1,4,0,2,3,44,20,0,7,0,27,5,0.02425197,0.285714286,0.083333333,0.096774194,0.2,0.166666667,0.090909091,NA,0.117647059,0,0.159090909,0,0.185185185,ST
38,Mason Mount,Mount,233064,https://sofifa.com/player/233064/mason-mount/220002,M. Mount,Mason Mount,"CAM, CM, RW",83,89,58500000,120000,22,1/10/99,178,70,5,Chelsea,English Premier League,1,RW,19,NA,1/10/16,2024,14,England,1318,LCM,19,Right,4,3,3,High,High,Lean (170-185),Yes,119900000,#Engine,"Long Shot Taker (AI), Technical Dribbler (AI)",74,79,84,83,55,65,82,79,59,86,75,82,81,83,83,85,77,71,80,84,76,81,54,86,54,82,68,59,81,83,60,84,54,57,41,11,12,13,8,12,NA,77+3,77+3,77+3,82,81,81,81,82,83+3,83+3,83+3,82+3,81+3,81+3,81+3,82+3,71+3,71+3,71+3,71+3,71+3,68+3,60+3,60+3,60+3,68+3,19+3,https://cdn.sofifa.net/players/233/064/22_120.png,https://cdn.sofifa.net/teams/5/60.png,https://cdn.sofifa.net/flags/gb-eng.png,https://cdn.sofifa.net/teams/1318/60.png,https://cdn.sofifa.net/flags/gb-eng.png,7768,36,2891,6,6.884880336,5,9.847691355,82,87,2,0,F M S,Chelsea,5,6.12371151,21.69607448,12.44314904,Mason Mount,32(4),2892,6,5,2,0,2.3,86.5,0.6,4,7.33,Chelsea,81,5,6.123711541,6,75,2,3,67,14,5,0,0,13,0,68,0,2,0,3,5,32,44,0,4,1,19,4,-1.123711541,0.333333333,0.04,0.074626866,0,NA,0.153846154,NA,0.044117647,0,0.125,0.022727273,0.210526316,CM
39,Matheus Pereira,Pereira,210243,https://sofifa.com/player/210243/ricardo-barbosa-pereira/220002,Ricardo Pereira,Ricardo Domingos Barbosa Pereira,"RB, RM",84,84,40500000,130000,27,10/6/93,175,70,95,Leicester City,English Premier League,1,RB,21,NA,6/9/18,2023,38,Portugal,NA,NA,NA,Right,4,3,3,High,High,Unique,Yes,77000000,NA,"Early Crosser, Speed Dribbler (AI), Team Player",83,67,78,82,80,75,82,66,67,82,59,81,78,52,77,83,82,83,79,83,82,74,75,84,69,64,79,79,77,76,61,81,80,84,83,16,12,15,11,11,NA,75+3,75+3,75+3,79,78,78,78,79,79+3,79+3,79+3,80+3,79+3,79+3,79+3,80+3,82+2,81+3,81+3,81+3,82+2,82+2,79+3,79+3,79+3,82+2,20+3,https://cdn.sofifa.net/players/210/243/22_120.png,https://cdn.sofifa.net/teams/95/60.png,https://cdn.sofifa.net/flags/gb-eng.png,NA,https://cdn.sofifa.net/flags/pt.png,7153,33,2594,11,6.948316539,6,6.3555393,65,58,2,1,M S,West Bromwich Albion,7,3.903641086,10.85705416,3.757923773,Matheus Pereira,30(3),2582,11,6,2,1,2,79.6,0.4,2,6.96,West Bromwich Albion,61,7,3.903641083,2,59,1,6,45,16,5,2,2,56,0,3,0,7,0,0,0,23,38,0,4,3,18,3,3.096358917,0.5,0.101694915,0.111111111,0.125,0,0.125,NA,0,NA,0.173913043,0.078947368,0.166666667,ST
40,Michail Antonio,Antonio,190717,https://sofifa.com/player/190717/michail-antonio/220002,M. Antonio,Michail Antonio,"ST, RM",79,79,15000000,79000,31,3/28/90,178,82,19,West Ham United,English Premier League,1,ST,9,NA,9/1/15,2023,82,Jamaica,NA,NA,NA,Right,3,4,2,High,Medium,Stocky (170-185),Yes,28500000,NA,"Injury Prone, Flair, Speed Dribbler (AI), Power Header, Giant Throw-in, Team Player",83,76,73,78,55,83,75,79,84,75,70,79,66,60,72,76,79,87,80,80,78,79,91,76,86,68,83,45,80,74,75,70,51,56,53,12,13,8,14,10,NA,79,79,79,78,78,78,78,78,77+2,77+2,77+2,78+1,73+2,73+2,73+2,78+1,67+2,66+2,66+2,66+2,67+2,66+2,66+2,66+2,66+2,66+2,19+2,https://cdn.sofifa.net/players/190/717/22_120.png,https://cdn.sofifa.net/teams/19/60.png,https://cdn.sofifa.net/flags/gb-eng.png,NA,https://cdn.sofifa.net/flags/jm.png,531,26,1993,10,14.13883854,5,3.194422813,63,27,3,0,F S,West Ham,10,14.13883854,19.27382588,2.770520601,Michail Antonio,24(2),1984,10,5,3,0,2.4,68.2,2.8,2,7.17,West Ham,63,10,14.13883865,18,45,9,1,61,2,10,0,11,7,0,45,2,2,0,6,17,34,12,7,3,0,25,3,-4.138838651,0.5,0.022222222,0.163934426,0,0.181818182,0.285714286,NA,0.133333333,0.411764706,0.088235294,0,0.12,ST
41,Mohamed Salah,Salah,209331,https://sofifa.com/player/209331/mohamed-salah/220002,M. Salah,Mohamed Salah Ghaly,RW,89,89,101000000,270000,29,6/15/92,175,71,9,Liverpool,English Premier League,1,RW,11,NA,7/1/17,2023,111,Egypt,NA,NA,NA,Left,3,4,4,High,Medium,Unique,Yes,186900000,"#Speedster, #Dribbler, #Acrobat, #Clinical Finisher, #Complete Forward","Finesse Shot, Long Shot Taker (AI), Speed Dribbler (AI), Outside Foot Shot, Chip Shot (AI)",90,87,81,90,45,75,79,91,59,84,81,90,83,69,75,89,89,91,91,92,91,82,69,85,75,84,63,55,91,83,86,90,38,43,41,14,14,9,11,14,NA,85+3,85+3,85+3,88,88,88,88,88,87+2,87+2,87+2,87+2,82+3,82+3,82+3,87+2,71+3,68+3,68+3,68+3,71+3,67+3,58+3,58+3,58+3,67+3,22+3,https://cdn.sofifa.net/players/209/331/22_120.png,https://cdn.sofifa.net/teams/9/60.png,https://cdn.sofifa.net/flags/gb-eng.png,NA,https://cdn.sofifa.net/flags/eg.png,1250,37,3085,22,20.25084664,5,6.528526101,126,55,0,0,F M S,Liverpool,16,15.68383364,28.96823355,9.800235655,Mohamed Salah,34(3),3082,22,5,0,0,3.4,83.7,0.5,3,7.07,Liverpool,120,16,15.68383354,20,100,7,9,103,17,14,2,7,100,1,12,2,13,0,1,8,85,27,2,12,2,68,11,0.316166462,0.35,0.09,0.13592233,0.117647059,0.285714286,0.13,0,0.083333333,0.25,0.141176471,0.074074074,0.161764706,W
42,Neal Maupay,Maupay,211784,https://sofifa.com/player/211784/neal-maupay/220002,N. Maupay,Neal Maupay,ST,77,82,16000000,52000,24,8/14/96,173,69,1808,Brighton & Hove Albion,English Premier League,1,RS,9,NA,8/5/19,2023,18,France,NA,NA,NA,Right,4,3,1,Medium,Medium,Normal (170-185),Yes,31600000,NA,NA,77,78,67,73,41,71,61,80,73,74,76,68,63,55,59,78,79,76,76,79,81,78,59,74,67,71,80,26,82,69,80,69,30,55,33,11,12,7,8,14,NA,77+2,77+2,77+2,74,76,76,76,74,74+2,74+2,74+2,73+2,69+2,69+2,69+2,73+2,58+2,58+2,58+2,58+2,58+2,57+2,54+2,54+2,54+2,57+2,18+2,https://cdn.sofifa.net/players/211/784/22_120.png,https://cdn.sofifa.net/teams/1808/60.png,https://cdn.sofifa.net/flags/gb-eng.png,NA,https://cdn.sofifa.net/flags/fr.png,3621,33,2526,8,13.77353451,2,4.277407881,71,32,1,1,F M S,Brighton,5,10.72893275,17.15753916,3.381784765,Neal Maupay,29(4),2519,8,2,1,1,2.2,78.5,0.6,1,6.57,Brighton,67,5,10.72893283,14,53,4,1,63,4,5,0,7,18,1,41,0,1,0,4,9,45,13,3,2,0,39,2,-5.728932826,0.285714286,0.018867925,0.079365079,0,0,0.055555556,0,0.097560976,0.333333333,0.044444444,0,0.051282051,ST
43,Nicolas Pepe,Pepe,226110,https://sofifa.com/player/226110/nicolas-pepe/220002,N. Pépé,Nicolas Pépé,"RM, RW",81,82,30500000,95000,26,5/29/95,183,73,1,Arsenal,English Premier League,1,RM,19,NA,8/1/19,2024,108,Côte d'Ivoire,NA,NA,NA,Left,2,4,2,High,Medium,Unique,Yes,60200000,NA,"Finesse Shot, Flair, Long Shot Taker (AI), Speed Dribbler (AI), Technical Dribbler (AI)",88,79,75,83,36,65,77,79,57,76,70,85,81,79,66,81,88,88,88,77,79,81,66,77,68,78,43,33,77,76,85,77,36,34,30,11,14,11,6,8,NA,77+2,77+2,77+2,81,80,80,80,81,79+2,79+2,79+2,80+2,72+2,72+2,72+2,80+2,62+2,57+2,57+2,57+2,62+2,58+2,48+2,48+2,48+2,58+2,17+2,https://cdn.sofifa.net/players/226/110/22_120.png,https://cdn.sofifa.net/teams/1/60.png,https://cdn.sofifa.net/flags/gb-eng.png,NA,https://cdn.sofifa.net/flags/ci.png,5656,29,1602,10,6.000206442,1,1.012160038,47,11,1,1,F M S,Arsenal,9,5.239037622,9.35974014,4.217725778,Nicolas Pépé,16(13),1614,10,1,1,1,1.7,81.1,1.2,4,6.76,Arsenal,46,9,5.239037624,6,40,3,6,41,5,9,0,4,34,0,8,0,6,0,3,3,34,9,1,8,0,21,6,3.760962376,0.5,0.15,0.219512195,0,0,0.176470588,NA,0.375,0.333333333,0.235294118,0,0.285714286,W
44,Ollie Watkins,Watkins,221697,https://sofifa.com/player/221697/ollie-watkins/220002,O. Watkins,Ollie Watkins,ST,78,83,21000000,67000,25,12/30/95,180,70,2,Aston Villa,English Premier League,1,SUB,11,NA,9/9/20,2025,14,England,NA,NA,NA,Right,4,3,2,High,High,Normal (170-185),No,41500000,#Engine,"Solid Player, Speed Dribbler (AI)",85,75,68,75,46,71,67,80,81,70,64,75,63,56,59,76,79,89,79,77,73,75,92,88,76,71,34,44,79,74,60,66,40,46,36,14,14,14,6,10,NA,78+2,78+2,78+2,76,77,77,77,76,75+2,75+2,75+2,75+2,70+2,70+2,70+2,75+2,63+2,59+2,59+2,59+2,63+2,61+2,56+2,56+2,56+2,61+2,18+2,https://cdn.sofifa.net/players/221/697/22_120.png,https://cdn.sofifa.net/teams/2/60.png,https://cdn.sofifa.net/flags/gb-eng.png,NA,https://cdn.sofifa.net/flags/gb-eng.png,8865,37,3330,14,16.28017765,5,5.314029492,98,45,2,1,F,Aston Villa,13,14.75784001,22.01402079,5.334991174,Ollie Watkins,37,3329,14,5,2,1,2.6,71.5,3.7,4,7.18,Aston Villa,96,13,14.75784001,17,79,8,5,86,10,12,1,24,22,0,50,3,4,0,6,12,74,10,5,8,0,58,7,-1.757840008,0.470588235,0.063291139,0.139534884,0.1,0.125,0.181818182,NA,0.12,0.416666667,0.108108108,0,0.120689655,ST
45,Pablo Fornals,Fornals,226456,https://sofifa.com/player/226456/pablo-fornals-malla/220002,Pablo Fornals,Pablo Fornals Malla,"LM, RM, CAM",79,82,23000000,69000,25,2/22/96,178,67,19,West Ham United,English Premier League,1,RM,8,NA,7/1/19,2024,45,Spain,NA,NA,NA,Right,3,4,2,High,High,Lean (170-185),Yes,45400000,NA,"Solid Player, Outside Foot Shot, Team Player, Technical Dribbler (AI)",68,74,79,79,69,68,77,72,50,81,72,79,71,70,78,83,70,66,76,75,75,77,48,81,63,79,70,71,76,80,55,77,70,72,71,9,11,12,7,15,NA,72+2,72+2,72+2,77,77,77,77,77,78+2,78+2,78+2,77+2,79+2,79+2,79+2,77+2,75+2,75+2,75+2,75+2,75+2,73+2,68+2,68+2,68+2,73+2,18+2,https://cdn.sofifa.net/players/226/456/22_120.png,https://cdn.sofifa.net/teams/19/60.png,https://cdn.sofifa.net/flags/gb-eng.png,NA,https://cdn.sofifa.net/flags/es.png,2335,33,2603,5,6.749410303,4,2.532995486,50,31,3,0,F M S,West Ham,5,6.749410303,16.32004125,8.427109042,Pablo Fornals,31(2),2583,5,4,3,0,1.5,79.4,0.7,1,6.78,West Ham,50,5,6.749410277,8,42,3,2,46,4,5,0,5,12,0,33,0,1,0,4,3,32,15,0,5,0,29,5,-1.749410277,0.375,0.047619048,0.108695652,0,0,0.083333333,NA,0.121212121,0,0.15625,0,0.172413793,W
46,Patrick Bamford,Bamford,206534,https://sofifa.com/player/206534/patrick-bamford/220002,P. Bamford,Patrick Bamford,ST,78,78,15000000,82000,27,9/5/93,185,71,8,Leeds United,English Premier League,1,ST,9,NA,7/31/18,2026,14,England,NA,NA,NA,Left,3,3,2,High,High,Lean (185+),Yes,28500000,#Engine,Flair,73,78,67,73,42,77,59,82,75,72,69,70,68,59,63,78,71,75,69,80,66,80,68,91,76,69,62,47,83,71,74,74,50,27,20,9,7,11,6,16,NA,78,78,78,74,76,76,76,74,74+2,74+2,74+2,74+2,70+2,70+2,70+2,74+2,60+2,60+2,60+2,60+2,60+2,57+2,53+2,53+2,53+2,57+2,17+2,https://cdn.sofifa.net/players/206/534/22_120.png,https://cdn.sofifa.net/teams/8/60.png,https://cdn.sofifa.net/flags/gb-eng.png,NA,https://cdn.sofifa.net/flags/gb-eng.png,822,38,3085,17,18.40186261,7,3.782246552,107,30,3,0,F S,Leeds,15,16.87952495,23.39495271,4.131795546,Patrick Bamford,37(1),3066,17,7,3,0,2.8,77.3,1.2,3,7.03,Leeds,105,15,16.87952507,21,84,7,8,94,11,15,0,35,51,1,18,2,11,0,2,12,84,9,4,10,1,74,9,-1.879525067,0.333333333,0.095238095,0.159574468,0,0.057142857,0.215686275,0,0.111111111,0.333333333,0.119047619,0.111111111,0.121621622,ST
47,Pedro Neto,Neto,238616,https://sofifa.com/player/238616/pedro-lomba-neto/220002,Pedro Neto,Pedro Lomba Neto,"LW, RW",78,85,28500000,62000,21,3/9/00,172,62,110,Wolverhampton Wanderers,English Premier League,1,SUB,7,NA,8/5/19,2025,38,Portugal,NA,NA,NA,Left,4,4,1,High,Medium,Normal (170-185),Yes,59900000,NA,Speed Dribbler (AI),87,74,69,81,31,59,70,76,49,75,65,83,66,51,56,80,86,87,86,75,86,76,52,72,56,74,53,41,76,73,62,64,32,23,17,6,13,7,12,6,NA,74+2,74+2,74+2,78,78,78,78,78,77+2,77+2,77+2,77+2,69+2,69+2,69+2,77+2,58+2,54+2,54+2,54+2,58+2,54+2,44+2,44+2,44+2,54+2,16+2,https://cdn.sofifa.net/players/238/616/22_120.png,https://cdn.sofifa.net/teams/110/60.png,https://cdn.sofifa.net/flags/gb-eng.png,NA,https://cdn.sofifa.net/flags/pt.png,6382,31,2570,5,5.494995641,6,5.738268098,62,61,4,0,F M S,Wolverhampton Wanderers,5,5.494995641,11.51666168,4.206935253,Pedro Neto,30(1),2559,5,6,4,0,2,88.4,0.6,5,7.11,Wolverhampton Wanderers,62,5,5.494995723,7,55,2,3,56,6,5,0,2,51,0,9,0,4,0,1,3,29,30,1,4,0,15,3,-0.494995723,0.285714286,0.054545455,0.089285714,0,0,0.078431373,NA,0.111111111,0.333333333,0.137931034,0,0.2,ST
48,Phil Foden,Foden,237692,https://sofifa.com/player/237692/phil-foden/220002,P. Foden,Philip Foden,"CAM, LW, CM",84,92,94500000,125000,21,5/28/00,171,69,10,Manchester City,English Premier League,1,SUB,47,NA,7/1/16,2024,14,England,1318,RW,20,Left,3,4,3,High,Medium,Lean (170-185),Yes,193700000,"#Dribbler, #Acrobat","Flair, Long Shot Taker (AI), Playmaker (AI), Technical Dribbler (AI)",84,78,80,87,56,57,75,79,47,84,59,86,73,59,78,88,86,82,90,83,91,82,49,79,44,77,64,59,82,84,64,82,58,59,47,8,15,6,10,13,NA,77+3,77+3,77+3,83,83,83,83,83,84+3,84+3,84+3,83+3,81+3,81+3,81+3,83+3,72+3,70+3,70+3,70+3,72+3,68+3,59+3,59+3,59+3,68+3,19+3,https://cdn.sofifa.net/players/237/692/22_120.png,https://cdn.sofifa.net/teams/10/60.png,https://cdn.sofifa.net/flags/gb-eng.png,https://cdn.sofifa.net/teams/1318/60.png,https://cdn.sofifa.net/flags/gb-eng.png,6055,28,1606,9,6.083393443,5,4.749281365,45,36,0,0,F M S,Manchester City,9,6.083393443,13.83503945,5.486512367,Phil Foden,17(11),1614,9,5,0,0,1.6,88.2,0.6,3,7.14,Manchester City,45,9,6.08339345,6,39,4,5,39,6,8,1,3,31,0,11,0,5,0,4,0,39,6,0,9,0,27,8,2.91660655,0.666666667,0.128205128,0.205128205,0.166666667,0,0.161290323,NA,0.363636364,NA,0.230769231,0,0.296296296,CM
49,Pierre-Emerick Aubameyang,Aubameyang,188567,https://sofifa.com/player/188567/pierre-emerick-aubameyang/220002,P. Aubameyang,Pierre-Emerick Emiliano François Aubameyang,"ST, LW, LM",85,85,43500000,145000,32,6/18/89,187,80,1,Arsenal,English Premier League,1,ST,14,NA,1/31/18,2023,115,Gabon,NA,NA,NA,Right,4,4,3,Medium,Low,Unique,Yes,82700000,NA,"Solid Player, Finesse Shot, Speed Dribbler (AI), Outside Foot Shot, Chip Shot (AI)",89,85,75,80,35,69,76,89,73,77,83,79,81,76,64,81,87,91,77,86,67,82,75,79,74,78,43,48,90,77,83,87,20,29,36,6,9,15,9,9,NA,83+2,83+2,83+2,82,83,83,83,82,81+3,81+3,81+3,81+3,74+3,74+3,74+3,81+3,64+3,58+3,58+3,58+3,64+3,60+3,51+3,51+3,51+3,60+3,17+3,https://cdn.sofifa.net/players/188/567/22_120.png,https://cdn.sofifa.net/teams/1/60.png,https://cdn.sofifa.net/flags/gb-eng.png,NA,https://cdn.sofifa.net/flags/ga.png,318,29,2333,10,10.45005196,3,2.43134934,57,22,2,0,F M S,Arsenal,8,8.927714296,15.11390406,3.955129319,Pierre-Emerick Aubameyang,26(3),2337,10,3,2,0,2,78,1.2,1,6.78,Arsenal,56,8,8.927714197,10,46,4,4,52,4,8,0,8,13,1,34,1,1,0,6,10,36,10,2,6,0,25,5,-0.927714197,0.4,0.086956522,0.153846154,0,0.125,0.076923077,0,0.176470588,0.2,0.166666667,0,0.2,ST
50,Raheem Sterling,Sterling,202652,https://sofifa.com/player/202652/raheem-sterling/220002,R. Sterling,Raheem Sterling,"LW, RW",88,89,107500000,290000,26,12/8/94,170,69,10,Manchester City,English Premier League,1,SUB,7,NA,7/14/15,2023,14,England,1318,LW,10,Right,3,4,4,High,Medium,Unique,Yes,206900000,"#Speedster, #Dribbler, #Acrobat","Flair, Speed Dribbler (AI)",91,82,79,87,45,66,79,85,46,83,67,87,79,72,69,86,95,88,94,90,93,78,57,79,64,83,59,30,91,82,67,78,47,53,47,15,12,12,15,9,NA,81+3,81+3,81+3,87,86,86,86,87,86+3,86+3,86+3,85+3,78+3,78+3,78+3,85+3,69+3,64+3,64+3,64+3,69+3,65+3,55+3,55+3,55+3,65+3,21+3,https://cdn.sofifa.net/players/202/652/22_120.png,https://cdn.sofifa.net/teams/10/60.png,https://cdn.sofifa.net/flags/gb-eng.png,https://cdn.sofifa.net/teams/1318/60.png,https://cdn.sofifa.net/flags/gb-eng.png,618,31,2539,10,12.05067401,7,6.628709886,70,39,4,0,F M S,Manchester City,10,11.28950516,25.88372514,12.17315935,Raheem Sterling,28(3),2537,10,7,4,0,2.3,86.2,0.3,4,7.22,Manchester City,69,10,11.28950511,15,54,7,3,59,10,9,1,6,11,0,52,2,2,0,6,10,46,13,4,5,1,26,5,-1.289505109,0.466666667,0.055555556,0.152542373,0.1,0.333333333,0.181818182,NA,0.115384615,0.4,0.108695652,0.076923077,0.192307692,W
51,Raphinha,Raphinha,233419,https://sofifa.com/player/233419/raphael-dias-belloli/220002,Raphinha,Raphael Dias Belloli,"RM, RW",82,87,46000000,89000,24,12/14/96,176,68,8,Leeds United,English Premier League,1,RM,10,NA,10/6/20,2024,54,Brazil,NA,NA,NA,Left,4,4,2,High,High,Lean (170-185),Yes,90900000,"#Speedster, #Dribbler, #Acrobat","Flair, Long Shot Taker (AI), Speed Dribbler (AI), Playmaker (AI), Technical Dribbler (AI)",91,76,76,84,49,72,78,74,45,76,72,86,81,75,70,83,90,91,88,82,79,81,74,84,64,76,76,55,81,77,73,78,45,54,38,8,7,13,8,14,NA,76+2,76+2,76+2,82,81,81,81,82,80+2,80+2,80+2,81+2,76+2,76+2,76+2,81+2,69+2,66+2,66+2,66+2,69+2,66+2,58+2,58+2,58+2,66+2,17+2,https://cdn.sofifa.net/players/233/419/22_120.png,https://cdn.sofifa.net/teams/8/60.png,https://cdn.sofifa.net/flags/gb-eng.png,NA,https://cdn.sofifa.net/flags/br.png,8026,30,2369,6,6.219142843,9,9.524860587,67,65,3,0,M S,Leeds,6,6.219142843,16.79277784,6.67969186,Raphinha,26(4),2364,6,9,3,0,2.2,72.3,0.3,4,7.22,Leeds,67,6,6.219142783,4,63,1,5,58,9,5,1,4,53,0,10,0,5,0,1,6,41,20,0,4,2,34,4,-0.219142783,0.25,0.079365079,0.086206897,0.111111111,0,0.094339623,NA,0.1,0,0.097560976,0.1,0.117647059,W
52,Richarlison,Richarlison,231943,https://sofifa.com/player/231943/richarlison-de-andrade/220002,Richarlison,Richarlison de Andrade,"ST, LW, LM",82,87,46500000,100000,24,5/10/97,181,71,7,Everton,English Premier League,1,LM,7,NA,7/24/18,2024,54,Brazil,NA,NA,NA,Right,5,4,3,High,Medium,Lean (170-185),Yes,91800000,NA,"Flair, Power Header, Technical Dribbler (AI)",83,78,73,83,53,80,73,80,83,79,75,86,74,65,61,83,85,81,79,82,73,83,86,83,77,70,84,46,83,74,77,81,45,58,48,12,7,8,11,13,NA,82+3,82+3,82+3,81,81,81,81,81,80+3,80+3,80+3,80+3,75+3,75+3,75+3,80+3,68+3,66+3,66+3,66+3,68+3,67+3,64+3,64+3,64+3,67+3,18+3,https://cdn.sofifa.net/players/231/943/22_120.png,https://cdn.sofifa.net/teams/7/60.png,https://cdn.sofifa.net/flags/gb-eng.png,NA,https://cdn.sofifa.net/flags/br.png,6026,34,2883,7,10.6702612,3,3.394761171,81,25,4,1,F M S,Everton,6,9.909092361,15.86471423,5.174452862,Richarlison,33(1),2872,7,3,4,1,2.4,70,1.2,4,6.98,Everton,80,6,9.909092465,9,71,4,2,66,14,4,2,17,25,0,38,2,0,0,4,8,56,16,3,2,1,41,2,-3.909092465,0.444444444,0.028169014,0.060606061,0.142857143,0.117647059,0,NA,0.105263158,0.375,0.035714286,0.0625,0.048780488,ST
53,Riyad Mahrez,Mahrez,204485,https://sofifa.com/player/204485/riyad-mahrez/220002,R. Mahrez,Riyad Mahrez,"RW, RM",86,86,65500000,220000,30,2/21/91,179,67,10,Manchester City,English Premier League,1,RW,26,NA,7/10/18,2023,97,Algeria,NA,NA,NA,Left,4,5,3,Medium,Medium,Unique,Yes,121200000,"#Dribbler, #Acrobat","Finesse Shot, Flair, Long Shot Taker (AI), Technical Dribbler (AI)",81,79,81,90,38,60,81,81,48,83,76,91,85,78,75,91,84,79,92,81,88,79,56,75,57,79,48,39,80,84,70,84,45,31,22,15,9,13,11,6,NA,78+3,78+3,78+3,85,83,83,83,85,85+1,85+1,85+1,84+2,78+3,78+3,78+3,84+2,64+3,61+3,61+3,61+3,64+3,58+3,48+3,48+3,48+3,58+3,18+3,https://cdn.sofifa.net/players/204/485/22_120.png,https://cdn.sofifa.net/teams/10/60.png,https://cdn.sofifa.net/flags/gb-eng.png,NA,https://cdn.sofifa.net/flags/dz.png,750,27,1961,9,6.232445181,6,6.086525144,58,45,0,0,F M S,Manchester City,9,6.232445181,18.84632433,9.17080682,Riyad Mahrez,23(4),1955,9,6,0,0,2.1,88.4,0.6,4,7.31,Manchester City,58,9,6.232445219,6,52,2,7,48,10,8,1,1,45,0,12,1,7,0,1,4,35,19,1,6,2,21,5,2.767554781,0.333333333,0.134615385,0.166666667,0.1,1,0.155555556,NA,0.083333333,0.25,0.171428571,0.105263158,0.238095238,W
54,Roberto Firmino,Firmino,201942,https://sofifa.com/player/201942/roberto-firmino-barbosa-de-oliveira/220002,Roberto Firmino,Roberto Firmino Barbosa de Oliveira,CF,85,85,54000000,185000,29,10/2/91,181,76,9,Liverpool,English Premier League,1,CF,9,NA,7/6/15,2023,54,Brazil,NA,NA,NA,Right,4,5,3,High,High,Unique,Yes,99900000,"#Dribbler, #Engine","Flair, Playmaker (AI), Technical Dribbler (AI)",77,78,79,89,59,78,73,78,78,84,83,89,81,65,76,90,77,77,85,86,86,79,81,87,74,76,75,58,82,83,72,88,55,64,42,8,11,9,6,10,NA,81+3,81+3,81+3,83,83,83,83,83,84+1,84+1,84+1,83+2,82+3,82+3,82+3,83+2,72+3,72+3,72+3,72+3,72+3,69+3,67+3,67+3,67+3,69+3,17+3,https://cdn.sofifa.net/players/201/942/22_120.png,https://cdn.sofifa.net/teams/9/60.png,https://cdn.sofifa.net/flags/gb-eng.png,NA,https://cdn.sofifa.net/flags/br.png,482,36,2882,9,12.86021341,7,6.1168634,83,44,2,0,F M S,Liverpool,9,12.86021341,25.27145776,10.19855011,Roberto Firmino,33(3),2852,9,7,2,0,2.3,80.7,0.6,4,7.11,Liverpool,83,9,12.86021336,15,68,4,5,68,15,6,3,17,17,0,49,3,1,0,5,14,52,17,3,6,0,41,6,-3.860213357,0.266666667,0.073529412,0.088235294,0.2,0.176470588,0.058823529,NA,0.102040816,0.214285714,0.115384615,0,0.146341463,ST
55,Rodrigo,Rodrigo,198329,https://sofifa.com/player/198329/rodrigo-moreno-machado/220002,Rodrigo,Rodrigo Moreno Machado,"CAM, ST, CM",79,79,17000000,83000,30,3/6/91,182,77,8,Leeds United,English Premier League,1,SUB,19,NA,8/29/20,2024,45,Spain,NA,NA,NA,Left,3,4,3,High,Medium,Lean (170-185),Yes,32300000,NA,"Finesse Shot, Playmaker (AI), Technical Dribbler (AI)",86,78,75,79,45,71,77,78,78,79,75,79,83,67,62,81,87,86,79,79,74,82,77,75,69,76,68,33,78,77,77,80,46,43,40,7,13,10,11,5,NA,79,79,79,80-1,80-1,80-1,80-1,80-1,79,79,79,79,72+3,72+3,72+3,79,64+3,61+3,61+3,61+3,64+3,62+3,57+3,57+3,57+3,62+3,17+3,https://cdn.sofifa.net/players/198/329/22_120.png,https://cdn.sofifa.net/teams/8/60.png,https://cdn.sofifa.net/flags/gb-eng.png,NA,https://cdn.sofifa.net/flags/es.png,2381,26,1285,7,5.755642192,2,3.20052937,46,31,3,0,F M S,Leeds,7,5.755642192,10.81597439,4.348653113,Rodrigo,14(12),1291,7,2,3,0,1.8,76.9,0.9,0,6.67,Leeds,46,7,5.755642205,7,39,5,2,41,5,5,2,11,31,0,4,2,4,0,1,4,29,13,3,4,0,24,4,1.244357795,0.714285714,0.051282051,0.12195122,0.4,0.181818182,0.129032258,NA,0.25,0.75,0.137931034,0,0.166666667,CM
56,Sadio Mané,Mane,208722,https://sofifa.com/player/208722/sadio-mane/220002,S. Mané,Sadio Mané,LW,89,89,101000000,270000,29,4/10/92,175,69,9,Liverpool,English Premier League,1,LW,10,NA,7/1/16,2023,136,Senegal,NA,NA,NA,Right,4,4,4,High,Medium,Unique,Yes,186900000,"#Speedster, #Dribbler, #Acrobat, #Clinical Finisher, #Complete Forward","Flair, Speed Dribbler (AI)",91,83,80,89,44,77,78,86,84,84,75,90,77,64,71,88,93,90,93,91,88,83,87,85,72,80,75,35,90,84,71,84,42,42,38,10,10,15,7,14,NA,86+3,86+3,86+3,87,88,88,88,87,87+2,87+2,87+2,86+3,80+3,80+3,80+3,86+3,68+3,65+3,65+3,65+3,68+3,65+3,59+3,59+3,59+3,65+3,19+3,https://cdn.sofifa.net/players/208/722/22_120.png,https://cdn.sofifa.net/teams/9/60.png,https://cdn.sofifa.net/flags/gb-eng.png,NA,https://cdn.sofifa.net/flags/sn.png,838,35,2805,11,14.82854776,7,7.787754854,94,61,3,0,F M S,Liverpool,11,14.82854776,24.9989232,6.057656283,Sadio Mané,31(4),2813,11,7,3,0,2.7,78.7,1,7,7.33,Liverpool,94,11,14.82854781,20,74,9,2,82,12,10,1,28,21,0,45,2,4,0,5,10,71,13,3,8,0,64,8,-3.828547809,0.45,0.027027027,0.12195122,0.083333333,0.071428571,0.19047619,NA,0.111111111,0.3,0.112676056,0,0.125,W
57,Son Heung-Min,Heung-Min,200104,https://sofifa.com/player/200104/heung-min-son/220002,H. Son,손흥민 孙兴慜,"LM, CF, LW",89,89,104000000,220000,28,7/8/92,183,78,18,Tottenham Hotspur,English Premier League,1,LW,7,NA,8/28/15,2025,167,Korea Republic,NA,NA,NA,Right,5,4,4,High,High,Unique,Yes,197600000,"#Dribbler, #Engine, #Distance Shooter, #Acrobat, #Clinical Finisher, #Complete Forward","Solid Player, Finesse Shot, Long Shot Taker (AI), Speed Dribbler (AI), Technical Dribbler (AI)",88,87,82,86,43,69,83,88,68,84,78,87,85,74,74,84,85,90,86,91,78,88,60,88,64,89,62,39,91,83,73,89,50,34,33,11,13,13,6,10,NA,85+3,85+3,85+3,87,87,87,87,87,86+3,86+3,86+3,86+3,80+3,80+3,80+3,86+3,68+3,64+3,64+3,64+3,68+3,64+3,54+3,54+3,54+3,64+3,19+3,https://cdn.sofifa.net/players/200/104/22_120.png,https://cdn.sofifa.net/teams/18/60.png,https://cdn.sofifa.net/flags/gb-eng.png,NA,https://cdn.sofifa.net/flags/kr.png,453,37,3139,17,11.02328676,10,9.51299247,68,75,0,0,F M S,Tottenham,16,10.2621179,20.67191555,6.608751139,Son Heung-Min,36(1),3127,17,10,0,0,1.8,83.4,0.5,0,7.27,Tottenham,67,16,10.26211796,15,52,9,7,60,7,14,2,5,18,0,44,1,5,0,10,8,37,22,3,10,3,24,9,5.737882037,0.6,0.134615385,0.233333333,0.285714286,0.2,0.277777778,NA,0.227272727,0.375,0.27027027,0.136363636,0.375,W
58,Stuart Dallas,Dallas,203570,https://sofifa.com/player/203570/stuart-dallas/220002,S. Dallas,Stuart Dallas,"CM, LB, RB",75,75,5500000,63000,30,4/19/91,183,81,8,Leeds United,English Premier League,1,RCM,15,NA,8/4/15,2024,35,Northern Ireland,110081,RM,14,Right,4,3,1,High,High,Lean (170-185),Yes,10500000,#Engine,"Long Shot Taker (AI), Team Player",74,69,70,73,73,75,66,71,63,76,59,73,57,50,70,74,73,75,73,75,69,68,57,92,73,72,65,73,72,74,57,74,73,76,71,13,7,11,13,7,NA,71+2,71+2,71+2,73,73,73,73,73,74+1,74+1,74+1,74+1,75,75,75,74+1,75,74+1,74+1,74+1,75,74+1,72+2,72+2,72+2,74+1,17+2,https://cdn.sofifa.net/players/203/570/22_120.png,https://cdn.sofifa.net/teams/8/60.png,https://cdn.sofifa.net/flags/gb-eng.png,https://cdn.sofifa.net/teams/110081/60.png,https://cdn.sofifa.net/flags/gb-nir.png,8718,38,3412,8,4.457073525,2,2.084683418,48,26,7,0,D M,Leeds,8,4.457073525,18.53434376,13.80980226,Stuart Dallas,38,3411,8,2,7,0,1.3,83.7,0.9,3,6.87,Leeds,48,8,4.457073465,4,44,3,5,47,1,7,1,1,13,0,34,1,1,0,6,3,17,28,2,3,3,10,3,3.542926535,0.75,0.113636364,0.14893617,1,1,0.076923077,NA,0.176470588,0.666666667,0.176470588,0.107142857,0.3,CM
59,Tammy Abraham,Abraham,231352,https://sofifa.com/player/231352/tammy-abraham/220002,T. Abraham,Tammy Bakumo-Abraham,ST,78,86,31500000,49000,23,10/2/97,196,87,52,Roma,Italian Serie A,1,ST,9,NA,8/18/21,2026,14,England,NA,NA,NA,Right,3,3,2,Medium,Medium,Lean (185+),Yes,59900000,#Aerial Threat,NA,70,78,62,72,31,70,50,82,80,77,77,72,50,42,46,77,61,77,61,79,53,78,70,69,79,68,49,22,80,67,74,73,35,23,15,12,7,8,13,13,NA,78+2,78+2,78+2,72,76,76,76,72,73+2,73+2,73+2,70+2,65+2,65+2,65+2,70+2,52+2,51+2,51+2,51+2,52+2,49+2,47+2,47+2,47+2,49+2,19+2,https://cdn.sofifa.net/players/231/352/22_120.png,https://cdn.sofifa.net/teams/52/60.png,https://cdn.sofifa.net/flags/it.png,NA,https://cdn.sofifa.net/flags/gb-eng.png,702,22,1027,6,6.189150684,1,0.721487461,32,9,0,0,F S,Chelsea,6,6.189150684,7.901170408,2.122328226,Tammy Abraham,12(10),1036,6,1,0,0,1.5,72.7,1.8,2,6.7,Chelsea,32,6,6.189150708,8,24,5,1,26,6,5,1,11,3,4,14,0,1,1,4,6,25,1,3,3,0,21,3,-0.189150708,0.625,0.041666667,0.192307692,0.166666667,0,0.333333333,0.25,0.285714286,0.5,0.12,0,0.142857143,ST
60,Timo Werner,Werner,212188,https://sofifa.com/player/212188/timo-werner/220002,T. Werner,Timo Werner,"ST, LW",84,87,56500000,155000,25,3/6/96,180,76,5,Chelsea,English Premier League,1,SUB,11,NA,7/1/20,2025,21,Germany,1337,ST,9,Right,4,3,3,High,Medium,Unique,Yes,108800000,#Speedster,Speed Dribbler (AI),91,81,70,82,35,70,69,81,76,79,84,82,70,58,55,84,93,89,82,87,76,85,75,83,65,77,63,37,88,68,78,79,39,20,19,9,9,8,15,9,NA,83+3,83+3,83+3,82,83,83,83,82,80+3,80+3,80+3,80+3,72+3,72+3,72+3,80+3,61+3,57+3,57+3,57+3,61+3,58+3,50+3,50+3,50+3,58+3,19+3,https://cdn.sofifa.net/players/212/188/22_120.png,https://cdn.sofifa.net/teams/5/60.png,https://cdn.sofifa.net/flags/gb-eng.png,https://cdn.sofifa.net/teams/1337/60.png,https://cdn.sofifa.net/flags/de.png,65,35,2605,6,13.43279559,8,6.667276643,80,36,2,0,F M S,Chelsea,6,13.43279559,20.53346293,5.24212172,Timo Werner,29(6),2608,6,8,2,0,2.3,78.8,0.3,1,6.81,Chelsea,80,6,13.43279559,17,63,4,2,67,13,5,1,7,19,0,54,1,0,0,5,8,62,10,2,4,0,47,4,-7.432795588,0.235294118,0.031746032,0.074626866,0.076923077,0.142857143,0,NA,0.092592593,0.25,0.064516129,0,0.085106383,ST
61,Tomas Soucek,Soucek,236792,https://sofifa.com/player/236792/tomas-soucek/220002,T. Souček,Tomáš Souček,"CDM, CM",82,85,36000000,81000,26,2/27/95,192,86,19,West Ham United,English Premier League,1,RDM,28,NA,7/27/20,2024,12,Czech Republic,1330,RDM,15,Right,3,3,1,High,High,Lean (185+),Yes,71100000,#Engine,"Solid Player, Power Header",64,72,74,74,82,85,69,73,83,81,59,74,63,53,76,77,61,66,66,81,58,73,90,92,84,70,76,83,75,72,70,78,81,82,79,11,13,5,6,8,NA,75+2,75+2,75+2,73,74,74,74,73,75+2,75+2,75+2,75+2,78+2,78+2,78+2,75+2,78+2,81+2,81+2,81+2,78+2,79+2,81+2,81+2,81+2,79+2,17+2,https://cdn.sofifa.net/players/236/792/22_120.png,https://cdn.sofifa.net/teams/19/60.png,https://cdn.sofifa.net/flags/gb-eng.png,https://cdn.sofifa.net/teams/1330/60.png,https://cdn.sofifa.net/flags/cz.png,8288,38,3420,10,8.982983336,1,2.444756011,64,18,7,1,M,West Ham,10,8.982983336,16.9984348,8.716958418,Tomas Soucek,38,3420,10,1,7,1,1.7,75.5,6.2,6,7.36,West Ham,65,10,8.9829833,9,56,7,3,46,19,6,4,31,5,0,29,3,1,0,6,15,38,12,7,3,0,35,2,1.0170167,0.777777778,0.053571429,0.130434783,0.210526316,0.096774194,0.2,NA,0.206896552,0.466666667,0.078947368,0,0.057142857,CM
62,Wilfried Zaha,Zaha,198717,https://sofifa.com/player/198717/wilfried-zaha/220002,W. Zaha,Wilfried Zaha,"CF, LM, ST",82,82,31000000,85000,28,11/10/92,180,66,1799,Crystal Palace,English Premier League,1,RW,11,NA,2/2/15,2023,108,Côte d'Ivoire,NA,NA,NA,Right,3,5,2,High,Medium,Unique,Yes,58900000,#Dribbler,"Flair, Technical Dribbler (AI)",89,77,73,87,34,75,76,78,47,76,67,91,64,51,65,86,88,90,87,76,79,82,58,75,77,72,72,32,76,76,72,80,30,34,32,15,10,15,11,10,NA,77+2,77+2,77+2,82,81,81,81,82,80+2,80+2,80+2,81+1,73+2,73+2,73+2,81+1,62+2,58+2,58+2,58+2,62+2,57+2,49+2,49+2,49+2,57+2,19+2,https://cdn.sofifa.net/players/198/717/22_120.png,https://cdn.sofifa.net/teams/1799/60.png,https://cdn.sofifa.net/flags/gb-eng.png,NA,https://cdn.sofifa.net/flags/ci.png,522,30,2615,11,8.804439895,2,3.702821104,60,30,6,0,F M S,Crystal Palace,9,7.282102235,13.57947247,3.634436188,Wilfried Zaha,29(1),2614,11,2,6,0,2,78.3,0.3,2,6.88,Crystal Palace,58,9,7.282102356,9,49,4,5,54,4,9,0,3,21,0,34,0,1,0,8,3,41,14,2,6,1,23,5,1.717897644,0.444444444,0.102040816,0.166666667,0,0,0.047619048,NA,0.235294118,0.666666667,0.146341463,0.071428571,0.217391304,W